scope,training,target,method,paired_rows,rows,stations,mae,rmse,mae_ci_lower,mae_ci_upper,residual_loses_to_method,truth_rows,available_rows
national20km,capped2024,temperature_c,physics_residual,993.0,993,67,1.934227466583252,2.7136547565460205,1.6257839113473893,2.2407528698444366,False,993,993
national20km,capped2024,temperature_c,physics_baseline,993.0,993,67,1.934227466583252,2.7136547565460205,1.6257839113473893,2.2407528698444366,False,993,993
national20km,capped2024,temperature_c,idw,993.0,993,67,2.8907504081726074,4.45925235748291,2.221258354187012,3.600597906112671,False,993,993
national20km,capped2024,temperature_c,nearest_node,993.0,993,67,2.994931221008301,4.50372838973999,2.3947660267353057,3.6171768903732304,False,993,993
national20km,capped2024,temperature_c,node_mean,993.0,993,67,3.897240161895752,5.577524185180664,3.002796840667725,4.779103243350983,False,993,993
national20km,capped2024,temperature_c,neighbor_idw_persistence_1h,993.0,993,67,3.3439059257507324,4.949309349060059,2.6800549387931825,4.036950778961182,False,993,993
national20km,capped2024,temperature_c,neighbor_physics_persistence_3h_SEPARATE_SUBSET,,989,67,3.0642353255124566,4.011496103943503,2.6957928389758825,3.4236969718698833,,993,989
national20km,capped2024,relative_humidity_pct,physics_residual,990.0,990,67,11.277471542358398,16.13655662536621,9.327217245101929,13.88367931842804,False,990,990
national20km,capped2024,relative_humidity_pct,physics_baseline,990.0,990,67,12.03421688079834,17.126741409301758,9.905476403236388,15.01995837688446,False,990,990
national20km,capped2024,relative_humidity_pct,idw,990.0,990,67,9.019325256347656,12.251073837280273,7.707258403301239,10.392304515838623,True,990,990
national20km,capped2024,relative_humidity_pct,nearest_node,990.0,990,67,10.460774421691895,14.03799819946289,9.121600413322449,11.783035683631898,True,990,990
national20km,capped2024,relative_humidity_pct,node_mean,990.0,990,67,10.69549560546875,14.090569496154785,9.157570195198058,12.179345321655273,True,990,990
national20km,capped2024,relative_humidity_pct,neighbor_idw_persistence_1h,990.0,990,67,10.438122749328613,14.040802955627441,8.983585262298584,12.024211764335632,False,990,990
national20km,capped2024,relative_humidity_pct,neighbor_physics_persistence_3h_SEPARATE_SUBSET,,986,67,14.984912115438323,20.006304089066692,12.940167731283521,17.94632264166329,,990,986
national20km,capped2024,pressure_hpa,physics_residual,201.0,201,24,6.369508743286133,10.132528305053711,3.075849086046219,9.84897816181183,False,201,201
national20km,capped2024,pressure_hpa,physics_baseline,201.0,201,24,6.536779403686523,10.341690063476562,3.1955794394016266,10.066235399246215,False,201,201
national20km,capped2024,pressure_hpa,idw,201.0,201,24,54.23097229003906,93.72071075439453,20.146697473526,91.56736125946047,False,201,201
national20km,capped2024,pressure_hpa,nearest_node,201.0,201,24,57.4731330871582,97.3940200805664,21.522083568573,97.1619396209717,False,201,201
national20km,capped2024,pressure_hpa,node_mean,201.0,201,24,57.801971435546875,95.64868927001953,24.86159281730652,95.74965610504151,False,201,201
national20km,capped2024,pressure_hpa,neighbor_idw_persistence_1h,201.0,0,0,,,,,False,201,0
national20km,capped2024,pressure_hpa,neighbor_physics_persistence_3h_SEPARATE_SUBSET,,201,24,5.9826754890884954,9.503161145572374,3.069456295945797,9.334739794328096,,201,201
national20km,capped2024,wind_speed_mps,physics_residual,979.0,979,64,0.9023844003677368,1.2007585763931274,0.764375202357769,1.0115279704332354,False,979,979
national20km,capped2024,wind_speed_mps,physics_baseline,979.0,979,64,0.8874519467353821,1.1728270053863525,0.7717909291386604,0.9836673438549042,True,979,979
national20km,capped2024,wind_speed_mps,idw,979.0,979,64,0.8874519467353821,1.1728270053863525,0.7717909291386604,0.9836673438549042,True,979,979
national20km,capped2024,wind_speed_mps,nearest_node,979.0,979,64,1.1395130157470703,1.5781019926071167,0.986162394285202,1.3194377809762956,False,979,979
national20km,capped2024,wind_speed_mps,node_mean,979.0,979,64,0.8622293472290039,1.1119927167892456,0.7776572182774544,0.9644225165247917,True,979,979
national20km,capped2024,wind_speed_mps,neighbor_idw_persistence_1h,979.0,979,64,1.2520040273666382,1.5464500188827515,1.1292743861675263,1.4262952357530594,False,979,979
national20km,capped2024,wind_speed_mps,neighbor_physics_persistence_3h_SEPARATE_SUBSET,,975,64,0.9925810754645225,1.2915059362452523,0.8870543793467264,1.1203610244029014,,979,975
national20km,capped2024_full_test,temperature_c,physics_residual,12525.0,12525,70,1.8666794300079346,2.6560006141662598,1.5895267367362975,2.108782172203064,False,12525,12525
national20km,capped2024_full_test,temperature_c,physics_baseline,12525.0,12525,70,1.8666794300079346,2.6560006141662598,1.5895267367362975,2.108782172203064,False,12525,12525
national20km,capped2024_full_test,temperature_c,idw,12525.0,12525,70,2.7647287845611572,4.22175407409668,2.1198090314865112,3.6114589512348174,False,12525,12525
national20km,capped2024_full_test,temperature_c,nearest_node,12525.0,12525,70,2.8730239868164062,4.231292247772217,2.3900188207626343,3.4953772246837618,False,12525,12525
national20km,capped2024_full_test,temperature_c,node_mean,12525.0,12525,70,3.738738775253296,5.299392223358154,2.904468309879303,4.780674910545349,False,12525,12525
national20km,capped2024_full_test,temperature_c,neighbor_idw_persistence_1h,12525.0,12514,70,3.282433271408081,4.707912445068359,2.6993735909461973,4.177934730052948,False,12525,12514
national20km,capped2024_full_test,temperature_c,neighbor_physics_persistence_3h_SEPARATE_SUBSET,,12484,70,3.146663707515196,4.132952555078142,2.8331627237133246,3.4312443572319227,,12525,12484
national20km,capped2024_full_test,relative_humidity_pct,physics_residual,12513.0,12513,70,11.026045799255371,15.7907075881958,9.123280882835388,13.74009306430817,False,12513,12513
national20km,capped2024_full_test,relative_humidity_pct,physics_baseline,12513.0,12513,70,11.749217987060547,16.635988235473633,9.88940887451172,14.558876872062683,False,12513,12513
national20km,capped2024_full_test,relative_humidity_pct,idw,12513.0,12513,70,8.888669967651367,12.117524147033691,7.79172158241272,10.341566514968873,True,12513,12513
national20km,capped2024_full_test,relative_humidity_pct,nearest_node,12513.0,12513,70,10.249314308166504,13.844532012939453,9.191048049926758,11.795852303504946,True,12513,12513
national20km,capped2024_full_test,relative_humidity_pct,node_mean,12513.0,12513,70,10.989046096801758,14.386701583862305,9.789929103851318,12.32895040512085,True,12513,12513
national20km,capped2024_full_test,relative_humidity_pct,neighbor_idw_persistence_1h,12513.0,12502,70,10.596190452575684,14.14344310760498,9.377238726615905,12.205525588989259,False,12513,12502
national20km,capped2024_full_test,relative_humidity_pct,neighbor_physics_persistence_3h_SEPARATE_SUBSET,,12472,70,15.13455865223724,20.005788883649373,13.351668327124573,17.821164619540298,,12513,12472
national20km,capped2024_full_test,pressure_hpa,physics_residual,2688.0,2688,31,5.597469329833984,8.921030044555664,3.1803581714630127,9.196970343589784,False,2688,2688
national20km,capped2024_full_test,pressure_hpa,physics_baseline,2688.0,2688,31,5.829169273376465,9.209269523620605,3.3766680002212524,9.557558989524843,False,2688,2688
national20km,capped2024_full_test,pressure_hpa,idw,2688.0,2688,31,49.156219482421875,85.80833435058594,22.08303189277649,85.18647975921631,False,2688,2688
national20km,capped2024_full_test,pressure_hpa,nearest_node,2688.0,2688,31,52.96982955932617,90.00576782226562,24.8918719291687,89.82902259826662,False,2688,2688
national20km,capped2024_full_test,pressure_hpa,node_mean,2688.0,2688,31,52.73332977294922,87.473876953125,27.026584005355836,91.15892486572265,False,2688,2688
national20km,capped2024_full_test,pressure_hpa,neighbor_idw_persistence_1h,2688.0,0,0,,,,,False,2688,0
national20km,capped2024_full_test,pressure_hpa,neighbor_physics_persistence_3h_SEPARATE_SUBSET,,2679,31,5.692119023733969,8.991417837510003,3.421224493731982,9.095326690201833,,2688,2679
national20km,capped2024_full_test,wind_speed_mps,physics_residual,12420.0,12420,67,0.9302429556846619,1.4323327541351318,0.8209502846002579,1.0451758801937103,False,12420,12420
national20km,capped2024_full_test,wind_speed_mps,physics_baseline,12420.0,12420,67,0.9188869595527649,1.41414213180542,0.8179328426718712,1.021934947371483,True,12420,12420
national20km,capped2024_full_test,wind_speed_mps,idw,12420.0,12420,67,0.9188869595527649,1.41414213180542,0.8179328426718712,1.021934947371483,True,12420,12420
national20km,capped2024_full_test,wind_speed_mps,nearest_node,12420.0,12420,67,1.1616311073303223,1.7758958339691162,1.0140331447124482,1.298730507493019,False,12420,12420
national20km,capped2024_full_test,wind_speed_mps,node_mean,12420.0,12420,67,0.8722773194313049,1.3473269939422607,0.7957297071814537,0.9591322541236877,True,12420,12420
national20km,capped2024_full_test,wind_speed_mps,neighbor_idw_persistence_1h,12420.0,12409,67,1.2871330976486206,1.7256823778152466,1.1799159169197082,1.4328132331371308,False,12420,12409
national20km,capped2024_full_test,wind_speed_mps,neighbor_physics_persistence_3h_SEPARATE_SUBSET,,12379,67,1.0146126644473943,1.5084888346084266,0.914849136930815,1.1258845345474353,,12420,12379
national20km,all_hours2024,temperature_c,physics_residual,12525.0,12525,70,1.8240177631378174,2.617675542831421,1.5506289422512054,2.056293261051178,False,12525,12525
national20km,all_hours2024,temperature_c,physics_baseline,12525.0,12525,70,1.8666794300079346,2.6560006141662598,1.5895267367362975,2.108782172203064,False,12525,12525
national20km,all_hours2024,temperature_c,idw,12525.0,12525,70,2.7647287845611572,4.22175407409668,2.1198090314865112,3.6114589512348174,False,12525,12525
national20km,all_hours2024,temperature_c,nearest_node,12525.0,12525,70,2.8730239868164062,4.231292247772217,2.3900188207626343,3.4953772246837618,False,12525,12525
national20km,all_hours2024,temperature_c,node_mean,12525.0,12525,70,3.738738775253296,5.299392223358154,2.904468309879303,4.780674910545349,False,12525,12525
national20km,all_hours2024,temperature_c,neighbor_idw_persistence_1h,12525.0,12514,70,3.282433271408081,4.707912445068359,2.6993735909461973,4.177934730052948,False,12525,12514
national20km,all_hours2024,temperature_c,neighbor_physics_persistence_3h_SEPARATE_SUBSET,,12484,70,3.146663707515196,4.132952555078142,2.8331627237133246,3.4312443572319227,,12525,12484
national20km,all_hours2024,relative_humidity_pct,physics_residual,12513.0,12513,70,10.909314155578613,15.75113582611084,9.047516489028931,13.667178106307986,False,12513,12513
national20km,all_hours2024,relative_humidity_pct,physics_baseline,12513.0,12513,70,11.749217987060547,16.635988235473633,9.88940887451172,14.558876872062683,False,12513,12513
national20km,all_hours2024,relative_humidity_pct,idw,12513.0,12513,70,8.888669967651367,12.117524147033691,7.79172158241272,10.341566514968873,True,12513,12513
national20km,all_hours2024,relative_humidity_pct,nearest_node,12513.0,12513,70,10.249314308166504,13.844532012939453,9.191048049926758,11.795852303504946,True,12513,12513
national20km,all_hours2024,relative_humidity_pct,node_mean,12513.0,12513,70,10.989046096801758,14.386701583862305,9.789929103851318,12.32895040512085,False,12513,12513
national20km,all_hours2024,relative_humidity_pct,neighbor_idw_persistence_1h,12513.0,12502,70,10.596190452575684,14.14344310760498,9.377238726615905,12.205525588989259,False,12513,12502
national20km,all_hours2024,relative_humidity_pct,neighbor_physics_persistence_3h_SEPARATE_SUBSET,,12472,70,15.13455865223724,20.005788883649373,13.351668327124573,17.821164619540298,,12513,12472
national20km,all_hours2024,pressure_hpa,physics_residual,2688.0,2688,31,5.829169273376465,9.209269523620605,3.3766680002212524,9.557558989524843,False,2688,2688
national20km,all_hours2024,pressure_hpa,physics_baseline,2688.0,2688,31,5.829169273376465,9.209269523620605,3.3766680002212524,9.557558989524843,False,2688,2688
national20km,all_hours2024,pressure_hpa,idw,2688.0,2688,31,49.156219482421875,85.80833435058594,22.08303189277649,85.18647975921631,False,2688,2688
national20km,all_hours2024,pressure_hpa,nearest_node,2688.0,2688,31,52.96982955932617,90.00576782226562,24.8918719291687,89.82902259826662,False,2688,2688
national20km,all_hours2024,pressure_hpa,node_mean,2688.0,2688,31,52.73332977294922,87.473876953125,27.026584005355836,91.15892486572265,False,2688,2688
national20km,all_hours2024,pressure_hpa,neighbor_idw_persistence_1h,2688.0,0,0,,,,,False,2688,0
national20km,all_hours2024,pressure_hpa,neighbor_physics_persistence_3h_SEPARATE_SUBSET,,2679,31,5.692119023733969,8.991417837510003,3.421224493731982,9.095326690201833,,2688,2679
national20km,all_hours2024,wind_speed_mps,physics_residual,12420.0,12420,67,0.9569236040115356,1.4308180809020996,0.8321929767727851,1.054506915807724,False,12420,12420
national20km,all_hours2024,wind_speed_mps,physics_baseline,12420.0,12420,67,0.9188869595527649,1.41414213180542,0.8179328426718712,1.021934947371483,True,12420,12420
national20km,all_hours2024,wind_speed_mps,idw,12420.0,12420,67,0.9188869595527649,1.41414213180542,0.8179328426718712,1.021934947371483,True,12420,12420
national20km,all_hours2024,wind_speed_mps,nearest_node,12420.0,12420,67,1.1616311073303223,1.7758958339691162,1.0140331447124482,1.298730507493019,False,12420,12420
national20km,all_hours2024,wind_speed_mps,node_mean,12420.0,12420,67,0.8722773194313049,1.3473269939422607,0.7957297071814537,0.9591322541236877,True,12420,12420
national20km,all_hours2024,wind_speed_mps,neighbor_idw_persistence_1h,12420.0,12409,67,1.2871330976486206,1.7256823778152466,1.1799159169197082,1.4328132331371308,False,12420,12409
national20km,all_hours2024,wind_speed_mps,neighbor_physics_persistence_3h_SEPARATE_SUBSET,,12379,67,1.0146126644473943,1.5084888346084266,0.914849136930815,1.1258845345474353,,12420,12379
national20km,all_hours2023_2024,temperature_c,physics_residual,12525.0,12525,70,1.8666794300079346,2.6560006141662598,1.5895267367362975,2.108782172203064,False,12525,12525
national20km,all_hours2023_2024,temperature_c,physics_baseline,12525.0,12525,70,1.8666794300079346,2.6560006141662598,1.5895267367362975,2.108782172203064,False,12525,12525
national20km,all_hours2023_2024,temperature_c,idw,12525.0,12525,70,2.7647287845611572,4.22175407409668,2.1198090314865112,3.6114589512348174,False,12525,12525
national20km,all_hours2023_2024,temperature_c,nearest_node,12525.0,12525,70,2.8730239868164062,4.231292247772217,2.3900188207626343,3.4953772246837618,False,12525,12525
national20km,all_hours2023_2024,temperature_c,node_mean,12525.0,12525,70,3.738738775253296,5.299392223358154,2.904468309879303,4.780674910545349,False,12525,12525
national20km,all_hours2023_2024,temperature_c,neighbor_idw_persistence_1h,12525.0,12514,70,3.282433271408081,4.707912445068359,2.6993735909461973,4.177934730052948,False,12525,12514
national20km,all_hours2023_2024,temperature_c,neighbor_physics_persistence_3h_SEPARATE_SUBSET,,12484,70,3.146663707515196,4.132952555078142,2.8331627237133246,3.4312443572319227,,12525,12484
national20km,all_hours2023_2024,relative_humidity_pct,physics_residual,12513.0,12513,70,10.886937141418457,15.722981452941895,8.985015058517456,13.662599158287051,False,12513,12513
national20km,all_hours2023_2024,relative_humidity_pct,physics_baseline,12513.0,12513,70,11.749217987060547,16.635988235473633,9.88940887451172,14.558876872062683,False,12513,12513
national20km,all_hours2023_2024,relative_humidity_pct,idw,12513.0,12513,70,8.888669967651367,12.117524147033691,7.79172158241272,10.341566514968873,True,12513,12513
national20km,all_hours2023_2024,relative_humidity_pct,nearest_node,12513.0,12513,70,10.249314308166504,13.844532012939453,9.191048049926758,11.795852303504946,True,12513,12513
national20km,all_hours2023_2024,relative_humidity_pct,node_mean,12513.0,12513,70,10.989046096801758,14.386701583862305,9.789929103851318,12.32895040512085,False,12513,12513
national20km,all_hours2023_2024,relative_humidity_pct,neighbor_idw_persistence_1h,12513.0,12502,70,10.596190452575684,14.14344310760498,9.377238726615905,12.205525588989259,False,12513,12502
national20km,all_hours2023_2024,relative_humidity_pct,neighbor_physics_persistence_3h_SEPARATE_SUBSET,,12472,70,15.13455865223724,20.005788883649373,13.351668327124573,17.821164619540298,,12513,12472
national20km,all_hours2023_2024,pressure_hpa,physics_residual,2688.0,2688,31,5.829169273376465,9.209269523620605,3.3766680002212524,9.557558989524843,False,2688,2688
national20km,all_hours2023_2024,pressure_hpa,physics_baseline,2688.0,2688,31,5.829169273376465,9.209269523620605,3.3766680002212524,9.557558989524843,False,2688,2688
national20km,all_hours2023_2024,pressure_hpa,idw,2688.0,2688,31,49.156219482421875,85.80833435058594,22.08303189277649,85.18647975921631,False,2688,2688
national20km,all_hours2023_2024,pressure_hpa,nearest_node,2688.0,2688,31,52.96982955932617,90.00576782226562,24.8918719291687,89.82902259826662,False,2688,2688
national20km,all_hours2023_2024,pressure_hpa,node_mean,2688.0,2688,31,52.73332977294922,87.473876953125,27.026584005355836,91.15892486572265,False,2688,2688
national20km,all_hours2023_2024,pressure_hpa,neighbor_idw_persistence_1h,2688.0,0,0,,,,,False,2688,0
national20km,all_hours2023_2024,pressure_hpa,neighbor_physics_persistence_3h_SEPARATE_SUBSET,,2679,31,5.692119023733969,8.991417837510003,3.421224493731982,9.095326690201833,,2688,2679
national20km,all_hours2023_2024,wind_speed_mps,physics_residual,12420.0,12420,67,0.9398627281188965,1.4066007137298584,0.8398608461022377,1.0292891293764115,False,12420,12420
national20km,all_hours2023_2024,wind_speed_mps,physics_baseline,12420.0,12420,67,0.9188869595527649,1.41414213180542,0.8179328426718712,1.021934947371483,True,12420,12420
national20km,all_hours2023_2024,wind_speed_mps,idw,12420.0,12420,67,0.9188869595527649,1.41414213180542,0.8179328426718712,1.021934947371483,True,12420,12420
national20km,all_hours2023_2024,wind_speed_mps,nearest_node,12420.0,12420,67,1.1616311073303223,1.7758958339691162,1.0140331447124482,1.298730507493019,False,12420,12420
national20km,all_hours2023_2024,wind_speed_mps,node_mean,12420.0,12420,67,0.8722773194313049,1.3473269939422607,0.7957297071814537,0.9591322541236877,True,12420,12420
national20km,all_hours2023_2024,wind_speed_mps,neighbor_idw_persistence_1h,12420.0,12409,67,1.2871330976486206,1.7256823778152466,1.1799159169197082,1.4328132331371308,False,12420,12409
national20km,all_hours2023_2024,wind_speed_mps,neighbor_physics_persistence_3h_SEPARATE_SUBSET,,12379,67,1.0146126644473943,1.5084888346084266,0.914849136930815,1.1258845345474353,,12420,12379
national5km,all_hours2023_2024,temperature_c,physics_residual,12525.0,12525,70,1.6560314893722534,2.3645083904266357,1.4001575410366058,1.8954424679279327,False,12525,12525
national5km,all_hours2023_2024,temperature_c,physics_baseline,12525.0,12525,70,1.6813092231750488,2.3864858150482178,1.4265024542808533,1.9346030473709106,False,12525,12525
national5km,all_hours2023_2024,temperature_c,idw,12525.0,12525,70,2.09356689453125,3.29642653465271,1.615633699297905,2.738382375240326,False,12525,12525
national5km,all_hours2023_2024,temperature_c,nearest_node,12525.0,12525,70,2.2849342823028564,3.5067570209503174,1.8735831707715989,2.8614811301231384,False,12525,12525
national5km,all_hours2023_2024,temperature_c,node_mean,12525.0,12525,70,3.5372962951660156,5.0200042724609375,2.72947353720665,4.496682643890381,False,12525,12525
national5km,all_hours2023_2024,temperature_c,neighbor_idw_persistence_1h,12525.0,12519,70,2.6101419925689697,3.984480381011963,2.1183049082756042,3.33343312740326,False,12525,12519
national5km,all_hours2023_2024,temperature_c,neighbor_physics_persistence_3h_SEPARATE_SUBSET,,12489,70,2.997635852900384,3.945152994478222,2.681221533693309,3.320244603033941,,12525,12489
national5km,all_hours2023_2024,relative_humidity_pct,physics_residual,12513.0,12513,70,9.472407341003418,14.216304779052734,7.928675055503845,11.967984461784365,False,12513,12513
national5km,all_hours2023_2024,relative_humidity_pct,physics_baseline,12513.0,12513,70,10.130471229553223,14.926663398742676,8.441166949272155,12.87877063751221,False,12513,12513
national5km,all_hours2023_2024,relative_humidity_pct,idw,12513.0,12513,70,8.760250091552734,12.087892532348633,7.657196938991547,10.352369117736817,True,12513,12513
national5km,all_hours2023_2024,relative_humidity_pct,nearest_node,12513.0,12513,70,10.198513984680176,13.961261749267578,9.058992290496827,11.475870895385743,False,12513,12513
national5km,all_hours2023_2024,relative_humidity_pct,node_mean,12513.0,12513,70,10.761479377746582,14.235867500305176,9.411126184463502,12.181160902976991,False,12513,12513
national5km,all_hours2023_2024,relative_humidity_pct,neighbor_idw_persistence_1h,12513.0,12507,70,10.230985641479492,13.84776496887207,8.960211491584777,11.870942544937135,False,12513,12507
national5km,all_hours2023_2024,relative_humidity_pct,neighbor_physics_persistence_3h_SEPARATE_SUBSET,,12477,70,13.943610869785216,18.81232024465822,12.306506130418212,16.52779007933669,,12513,12477
national5km,all_hours2023_2024,pressure_hpa,physics_residual,2688.0,2688,31,3.5859644412994385,6.269045352935791,2.0209137171506883,5.638979959487915,False,2688,2688
national5km,all_hours2023_2024,pressure_hpa,physics_baseline,2688.0,2688,31,3.5859644412994385,6.269045352935791,2.0209137171506883,5.638979959487915,False,2688,2688
national5km,all_hours2023_2024,pressure_hpa,idw,2688.0,2688,31,37.9501953125,73.23729705810547,14.849916315078735,70.8890407562256,False,2688,2688
national5km,all_hours2023_2024,pressure_hpa,nearest_node,2688.0,2688,31,34.982177734375,67.59205627441406,14.062479805946351,62.84373092651368,False,2688,2688
national5km,all_hours2023_2024,pressure_hpa,node_mean,2688.0,2688,31,49.47228240966797,80.88455963134766,26.81584439277649,84.93210430145264,False,2688,2688
national5km,all_hours2023_2024,pressure_hpa,neighbor_idw_persistence_1h,2688.0,0,0,,,,,False,2688,0
national5km,all_hours2023_2024,pressure_hpa,neighbor_physics_persistence_3h_SEPARATE_SUBSET,,2679,31,3.922420614862169,6.607641539891232,2.4059603601037587,5.931138864919554,,2688,2679
national5km,all_hours2023_2024,wind_speed_mps,physics_residual,12420.0,12420,67,0.9565740823745728,1.426876425743103,0.8580719977617264,1.059047269821167,False,12420,12420
national5km,all_hours2023_2024,wind_speed_mps,physics_baseline,12420.0,12420,67,0.8763548135757446,1.3742579221725464,0.7726663261651993,0.9670587614178657,True,12420,12420
national5km,all_hours2023_2024,wind_speed_mps,idw,12420.0,12420,67,0.8763548135757446,1.3742579221725464,0.7726663261651993,0.9670587614178657,True,12420,12420
national5km,all_hours2023_2024,wind_speed_mps,nearest_node,12420.0,12420,67,1.0649503469467163,1.6629679203033447,0.9127092525362969,1.1732463896274568,False,12420,12420
national5km,all_hours2023_2024,wind_speed_mps,node_mean,12420.0,12420,67,0.850825309753418,1.3361337184906006,0.763238599896431,0.9426472932100296,True,12420,12420
national5km,all_hours2023_2024,wind_speed_mps,neighbor_idw_persistence_1h,12420.0,12414,67,1.2633544206619263,1.6982338428497314,1.1628561109304427,1.409296676516533,False,12420,12414
national5km,all_hours2023_2024,wind_speed_mps,neighbor_physics_persistence_3h_SEPARATE_SUBSET,,12384,67,0.9753012399169169,1.4636592164535605,0.8780116898452583,1.0691958686152763,,12420,12384
himalaya20km,all_hours2023_2024,temperature_c,physics_residual,2592.0,2592,16,3.2771029472351074,4.278963565826416,2.5341783583164217,4.297804653644562,False,2592,2592
himalaya20km,all_hours2023_2024,temperature_c,physics_baseline,2592.0,2592,16,3.3054561614990234,4.325472354888916,2.557029813528061,4.333232128620148,False,2592,2592
himalaya20km,all_hours2023_2024,temperature_c,idw,2592.0,2592,16,6.494593620300293,8.583822250366211,4.439367723464966,9.63804168701172,False,2592,2592
himalaya20km,all_hours2023_2024,temperature_c,nearest_node,2592.0,2592,16,5.763490200042725,7.672138690948486,4.039068776369095,8.453892970085144,False,2592,2592
himalaya20km,all_hours2023_2024,temperature_c,node_mean,2592.0,2592,16,9.158843994140625,10.787752151489258,7.110314536094665,12.153600573539734,False,2592,2592
himalaya20km,all_hours2023_2024,temperature_c,neighbor_idw_persistence_1h,2592.0,2592,16,7.105075359344482,9.274824142456055,5.012202894687652,10.415383744239808,False,2592,2592
himalaya20km,all_hours2023_2024,temperature_c,neighbor_physics_persistence_3h_SEPARATE_SUBSET,,2588,16,5.1203001538246,6.446813245350464,4.410261849834661,5.964486672941451,,2592,2588
himalaya20km,all_hours2023_2024,relative_humidity_pct,physics_residual,2581.0,2581,16,21.57178497314453,29.67223358154297,15.61551067829132,29.96302227973938,False,2581,2581
himalaya20km,all_hours2023_2024,relative_humidity_pct,physics_baseline,2581.0,2581,16,22.300416946411133,30.89235496520996,16.041980171203612,31.02730212211609,False,2581,2581
himalaya20km,all_hours2023_2024,relative_humidity_pct,idw,2581.0,2581,16,14.920425415039062,20.2293758392334,12.009274578094482,18.194678783416748,True,2581,2581
himalaya20km,all_hours2023_2024,relative_humidity_pct,nearest_node,2581.0,2581,16,16.313444137573242,21.99135398864746,13.475592231750488,19.311383438110354,True,2581,2581
himalaya20km,all_hours2023_2024,relative_humidity_pct,node_mean,2581.0,2581,16,15.323251724243164,20.00035858154297,12.707984900474548,18.32975239753723,True,2581,2581
himalaya20km,all_hours2023_2024,relative_humidity_pct,neighbor_idw_persistence_1h,2581.0,2581,16,17.08013916015625,22.562602996826172,14.200426077842712,20.548044300079347,False,2581,2581
himalaya20km,all_hours2023_2024,relative_humidity_pct,neighbor_physics_persistence_3h_SEPARATE_SUBSET,,2577,16,28.421436796937687,36.71288845687736,22.303543303174287,35.429536902559455,,2581,2577
himalaya20km,all_hours2023_2024,pressure_hpa,physics_residual,1238.0,1238,8,18.914714813232422,37.89868927001953,5.763396215438843,43.89811363220216,False,1240,1238
himalaya20km,all_hours2023_2024,pressure_hpa,physics_baseline,1238.0,1238,8,18.73843002319336,37.87565994262695,5.57360829114914,43.7503200531006,True,1240,1238
himalaya20km,all_hours2023_2024,pressure_hpa,idw,1238.0,1238,8,114.79263305664062,146.48922729492188,63.78508996963501,207.6101806640625,False,1240,1238
himalaya20km,all_hours2023_2024,pressure_hpa,nearest_node,1238.0,1238,8,119.30565643310547,151.630859375,67.42410259246826,212.12559471130373,False,1240,1238
himalaya20km,all_hours2023_2024,pressure_hpa,node_mean,1238.0,1238,8,112.86383056640625,144.86459350585938,61.674629592895506,205.30131835937502,False,1240,1238
himalaya20km,all_hours2023_2024,pressure_hpa,neighbor_idw_persistence_1h,1238.0,0,0,,,,,False,1240,0
himalaya20km,all_hours2023_2024,pressure_hpa,neighbor_physics_persistence_3h_SEPARATE_SUBSET,,1235,8,18.583579767552,37.56913842283727,5.695804525050218,43.59596079015821,,1240,1235
himalaya20km,all_hours2023_2024,wind_speed_mps,physics_residual,2618.0,2618,16,0.7906180620193481,1.0461077690124512,0.648665788769722,0.9083797678351403,False,2618,2618
himalaya20km,all_hours2023_2024,wind_speed_mps,physics_baseline,2618.0,2618,16,0.7906180620193481,1.0461077690124512,0.648665788769722,0.9083797678351403,False,2618,2618
himalaya20km,all_hours2023_2024,wind_speed_mps,idw,2618.0,2618,16,0.7906180620193481,1.0461077690124512,0.648665788769722,0.9083797678351403,False,2618,2618
himalaya20km,all_hours2023_2024,wind_speed_mps,nearest_node,2618.0,2618,16,0.9735421538352966,1.396979570388794,0.741762538254261,1.1373410344123842,False,2618,2618
himalaya20km,all_hours2023_2024,wind_speed_mps,node_mean,2618.0,2618,16,0.8092898726463318,1.0631225109100342,0.6280199334025384,0.9751952975988389,False,2618,2618
himalaya20km,all_hours2023_2024,wind_speed_mps,neighbor_idw_persistence_1h,2618.0,2618,16,1.2828632593154907,1.5182887315750122,1.1302522540092468,1.5045764058828355,False,2618,2618
himalaya20km,all_hours2023_2024,wind_speed_mps,neighbor_physics_persistence_3h_SEPARATE_SUBSET,,2614,16,0.8093531476520459,1.0553409281153363,0.7128677168982618,0.8921774386600895,,2618,2614
