location_id,physical_site_id,station_name,latitude,longitude,source,elevation_m,elevation_datum,climate_zone,climate_zone_source,slope_deg,elevation_source,elevation_asset_sha256,elevation_asset_uri,terrain_status
nwic_hp_07bc5fa5ba86e2f0,nwic_hp_07bc5fa5ba86e2f0,Tabo_1,32.093829,78.385101,nwic_hp,3281.0,EGM96,Dsc,https://data.naturalcapitalalliance.stanford.edu/download/global/koppen_geiger_climatezones/koppen_geiger_climatezones_1991_2020_1km.tif,2.373907576976303,srtm_gl1,375e36b9e9ba328c8aa903d411f1726389ec8c29352ca99fa05d932acf0a088e,https://opentopography.s3.sdsc.edu/raster/SRTM_GL1/SRTM_GL1_srtm/N32E078.tif,VERIFIED_ASSET_SAMPLED
nwic_hp_10cb93d52313d8eb,nwic_hp_10cb93d52313d8eb,Kheer Ganga,31.994111,77.440889,nwic_hp,2251.0,EGM96,Dfb,https://data.naturalcapitalalliance.stanford.edu/download/global/koppen_geiger_climatezones/koppen_geiger_climatezones_1991_2020_1km.tif,9.128707894191937,srtm_gl1,83d2658661f776abeed5637f76d382a5c961f520ccf9e5e87c079cef871ba76c,https://opentopography.s3.sdsc.edu/raster/SRTM_GL1/SRTM_GL1_srtm/N31E077.tif,VERIFIED_ASSET_SAMPLED
nwic_hp_20219bfab9bd0dcf,nwic_hp_20219bfab9bd0dcf,Barsar_1,31.470343,76.551863,nwic_hp,775.0,EGM96,Cwa,https://data.naturalcapitalalliance.stanford.edu/download/global/koppen_geiger_climatezones/koppen_geiger_climatezones_1991_2020_1km.tif,1.4273555245036555,srtm_gl1,916230018857b307b3cf8dd263229ff74d33a4ec06eb56c397c87a730225cd7f,https://opentopography.s3.sdsc.edu/raster/SRTM_GL1/SRTM_GL1_srtm/N31E076.tif,VERIFIED_ASSET_SAMPLED
nwic_hp_245f1bdcd4d960f6,nwic_hp_245f1bdcd4d960f6,Arki_3,31.207776,76.877243,nwic_hp,1962.0,EGM96,Cwb,https://data.naturalcapitalalliance.stanford.edu/download/global/koppen_geiger_climatezones/koppen_geiger_climatezones_1991_2020_1km.tif,18.55541730382356,srtm_gl1,916230018857b307b3cf8dd263229ff74d33a4ec06eb56c397c87a730225cd7f,https://opentopography.s3.sdsc.edu/raster/SRTM_GL1/SRTM_GL1_srtm/N31E076.tif,VERIFIED_ASSET_SAMPLED
nwic_hp_2718d92b9d086871,nwic_hp_2718d92b9d086871,Bangana_1,31.479779,76.386626,nwic_hp,1027.0,EGM96,Cwa,https://data.naturalcapitalalliance.stanford.edu/download/global/koppen_geiger_climatezones/koppen_geiger_climatezones_1991_2020_1km.tif,13.960355963721963,srtm_gl1,916230018857b307b3cf8dd263229ff74d33a4ec06eb56c397c87a730225cd7f,https://opentopography.s3.sdsc.edu/raster/SRTM_GL1/SRTM_GL1_srtm/N31E076.tif,VERIFIED_ASSET_SAMPLED
nwic_hp_2c3ef08f4fa6430f,nwic_hp_2c3ef08f4fa6430f,Shilaru,31.20611111,77.42444444,nwic_hp,2537.0,EGM96,Dwb,https://data.naturalcapitalalliance.stanford.edu/download/global/koppen_geiger_climatezones/koppen_geiger_climatezones_1991_2020_1km.tif,19.335924095369595,srtm_gl1,83d2658661f776abeed5637f76d382a5c961f520ccf9e5e87c079cef871ba76c,https://opentopography.s3.sdsc.edu/raster/SRTM_GL1/SRTM_GL1_srtm/N31E077.tif,VERIFIED_ASSET_SAMPLED
nwic_hp_32b6d29f43cef60a,nwic_hp_32b6d29f43cef60a,Dharmshala_1,32.21616,76.339178,nwic_hp,1309.0,EGM96,Cwa,https://data.naturalcapitalalliance.stanford.edu/download/global/koppen_geiger_climatezones/koppen_geiger_climatezones_1991_2020_1km.tif,11.780302007000865,srtm_gl1,dd277390cb35e098563cf8b9327aac737f0d2304fff9983a83214ad8b9746fe3,https://opentopography.s3.sdsc.edu/raster/SRTM_GL1/SRTM_GL1_srtm/N32E076.tif,VERIFIED_ASSET_SAMPLED
nwic_hp_4b46df17825bc60e,nwic_hp_4b46df17825bc60e,Salooni_1,32.72222222,76.04611111,nwic_hp,1751.0,EGM96,Cwb,https://data.naturalcapitalalliance.stanford.edu/download/global/koppen_geiger_climatezones/koppen_geiger_climatezones_1991_2020_1km.tif,26.890428431236504,srtm_gl1,dd277390cb35e098563cf8b9327aac737f0d2304fff9983a83214ad8b9746fe3,https://opentopography.s3.sdsc.edu/raster/SRTM_GL1/SRTM_GL1_srtm/N32E076.tif,VERIFIED_ASSET_SAMPLED
nwic_hp_58c2c8972d1d3d16,nwic_hp_58c2c8972d1d3d16,Gondhla,32.51027778,77.02277778,nwic_hp,3182.0,EGM96,Dfc,https://data.naturalcapitalalliance.stanford.edu/download/global/koppen_geiger_climatezones/koppen_geiger_climatezones_1991_2020_1km.tif,25.66183541212412,srtm_gl1,3c765945a4f4202e5c6ea8aa5df1d48dc7ca25cb8e114540f3c7077fb77ed87b,https://opentopography.s3.sdsc.edu/raster/SRTM_GL1/SRTM_GL1_srtm/N32E077.tif,VERIFIED_ASSET_SAMPLED
nwic_hp_5dc867b15d286fc0,nwic_hp_5dc867b15d286fc0,Junga_1,31.043932,77.195599,nwic_hp,1303.0,EGM96,Cwa,https://data.naturalcapitalalliance.stanford.edu/download/global/koppen_geiger_climatezones/koppen_geiger_climatezones_1991_2020_1km.tif,17.35919314862406,srtm_gl1,83d2658661f776abeed5637f76d382a5c961f520ccf9e5e87c079cef871ba76c,https://opentopography.s3.sdsc.edu/raster/SRTM_GL1/SRTM_GL1_srtm/N31E077.tif,VERIFIED_ASSET_SAMPLED
nwic_hp_5e6eef21ab0861a2,nwic_hp_5e6eef21ab0861a2,Bara Bhangal,32.323333,76.813056,nwic_hp,2510.0,EGM96,Dwb,https://data.naturalcapitalalliance.stanford.edu/download/global/koppen_geiger_climatezones/koppen_geiger_climatezones_1991_2020_1km.tif,7.0445607791494185,srtm_gl1,dd277390cb35e098563cf8b9327aac737f0d2304fff9983a83214ad8b9746fe3,https://opentopography.s3.sdsc.edu/raster/SRTM_GL1/SRTM_GL1_srtm/N32E076.tif,VERIFIED_ASSET_SAMPLED
nwic_hp_6306428590264f9f,nwic_hp_6306428590264f9f,Chattru,32.317778,77.371667,nwic_hp,3384.0,EGM96,Dfc,https://data.naturalcapitalalliance.stanford.edu/download/global/koppen_geiger_climatezones/koppen_geiger_climatezones_1991_2020_1km.tif,6.431589693460444,srtm_gl1,3c765945a4f4202e5c6ea8aa5df1d48dc7ca25cb8e114540f3c7077fb77ed87b,https://opentopography.s3.sdsc.edu/raster/SRTM_GL1/SRTM_GL1_srtm/N32E077.tif,VERIFIED_ASSET_SAMPLED
nwic_hp_676c40948d0c1965,nwic_hp_676c40948d0c1965,AWS Sansarpur Terrace,31.92444444,75.93027778,nwic_hp,377.0,EGM96,Cwa,https://data.naturalcapitalalliance.stanford.edu/download/global/koppen_geiger_climatezones/koppen_geiger_climatezones_1991_2020_1km.tif,5.1617537004044545,srtm_gl1,f7b7f7d405713e7c492b8e4f9a8ce2109c504c081cdaf18ecad5b4cf60da3bb6,https://opentopography.s3.sdsc.edu/raster/SRTM_GL1/SRTM_GL1_srtm/N31E075.tif,VERIFIED_ASSET_SAMPLED
nwic_hp_6cd444c4b61e1078,nwic_hp_6cd444c4b61e1078,AWS IIT Mandi,31.78027778,76.99305556,nwic_hp,1037.0,EGM96,Cwa,https://data.naturalcapitalalliance.stanford.edu/download/global/koppen_geiger_climatezones/koppen_geiger_climatezones_1991_2020_1km.tif,8.842601357018221,srtm_gl1,916230018857b307b3cf8dd263229ff74d33a4ec06eb56c397c87a730225cd7f,https://opentopography.s3.sdsc.edu/raster/SRTM_GL1/SRTM_GL1_srtm/N31E076.tif,VERIFIED_ASSET_SAMPLED
nwic_hp_717cb8b06cc2249a,nwic_hp_717cb8b06cc2249a,Kala Amb_1,32.499389,77.206889,nwic_hp,5069.0,EGM96,ET,https://data.naturalcapitalalliance.stanford.edu/download/global/koppen_geiger_climatezones/koppen_geiger_climatezones_1991_2020_1km.tif,42.21816478816809,srtm_gl1,3c765945a4f4202e5c6ea8aa5df1d48dc7ca25cb8e114540f3c7077fb77ed87b,https://opentopography.s3.sdsc.edu/raster/SRTM_GL1/SRTM_GL1_srtm/N32E077.tif,VERIFIED_ASSET_SAMPLED
nwic_hp_7453b42b7bd32ee9,nwic_hp_7453b42b7bd32ee9,Jogindernagar,31.996921,76.7983116,nwic_hp,1337.0,EGM96,Cwa,https://data.naturalcapitalalliance.stanford.edu/download/global/koppen_geiger_climatezones/koppen_geiger_climatezones_1991_2020_1km.tif,1.432068866471094,srtm_gl1,916230018857b307b3cf8dd263229ff74d33a4ec06eb56c397c87a730225cd7f,https://opentopography.s3.sdsc.edu/raster/SRTM_GL1/SRTM_GL1_srtm/N31E076.tif,VERIFIED_ASSET_SAMPLED
nwic_hp_9c6e1dc7e4060a43,nwic_hp_9c6e1dc7e4060a43,Tisa_1,32.69344,76.086094,nwic_hp,1310.0,EGM96,Cwa,https://data.naturalcapitalalliance.stanford.edu/download/global/koppen_geiger_climatezones/koppen_geiger_climatezones_1991_2020_1km.tif,7.156629277627351,srtm_gl1,dd277390cb35e098563cf8b9327aac737f0d2304fff9983a83214ad8b9746fe3,https://opentopography.s3.sdsc.edu/raster/SRTM_GL1/SRTM_GL1_srtm/N32E076.tif,VERIFIED_ASSET_SAMPLED
nwic_hp_9c9204aa450dd269,nwic_hp_9c9204aa450dd269,Chitkul_1,31.35055556,78.43694444,nwic_hp,3420.0,EGM96,Dwc,https://data.naturalcapitalalliance.stanford.edu/download/global/koppen_geiger_climatezones/koppen_geiger_climatezones_1991_2020_1km.tif,23.663919179173885,srtm_gl1,c18e00f7187576778edd305c0952595f6a72bbeda687f8c962ce3a4e55f2667d,https://opentopography.s3.sdsc.edu/raster/SRTM_GL1/SRTM_GL1_srtm/N31E078.tif,VERIFIED_ASSET_SAMPLED
nwic_hp_9ea7a16c71299187,nwic_hp_9ea7a16c71299187,Kundi_2,32.79722222,75.93111111,nwic_hp,1793.0,EGM96,Cwb,https://data.naturalcapitalalliance.stanford.edu/download/global/koppen_geiger_climatezones/koppen_geiger_climatezones_1991_2020_1km.tif,21.580114818544022,srtm_gl1,976c7ff935e3b6c92c56826dd8e6195bed05f092e33374e178dbc3f5adfd4869,https://opentopography.s3.sdsc.edu/raster/SRTM_GL1/SRTM_GL1_srtm/N32E075.tif,VERIFIED_ASSET_SAMPLED
nwic_hp_a113d10637e048d1,nwic_hp_a113d10637e048d1,Solang Nallah_1,32.315333,77.155501,nwic_hp,2491.0,EGM96,Dfb,https://data.naturalcapitalalliance.stanford.edu/download/global/koppen_geiger_climatezones/koppen_geiger_climatezones_1991_2020_1km.tif,7.370669485322712,srtm_gl1,3c765945a4f4202e5c6ea8aa5df1d48dc7ca25cb8e114540f3c7077fb77ed87b,https://opentopography.s3.sdsc.edu/raster/SRTM_GL1/SRTM_GL1_srtm/N32E077.tif,VERIFIED_ASSET_SAMPLED
nwic_hp_afdb14defa9f087c,nwic_hp_afdb14defa9f087c,Churdhar,30.837501,77.452778,nwic_hp,2436.0,EGM96,Cwb,https://data.naturalcapitalalliance.stanford.edu/download/global/koppen_geiger_climatezones/koppen_geiger_climatezones_1991_2020_1km.tif,34.352962249999585,srtm_gl1,4b8f629c320576f77ae7bed3a81d6be1b3c34ea480679153f73e53789a539a15,https://opentopography.s3.sdsc.edu/raster/SRTM_GL1/SRTM_GL1_srtm/N30E077.tif,VERIFIED_ASSET_SAMPLED
nwic_hp_b74d6d06920bf68c,nwic_hp_b74d6d06920bf68c,Theog,31.08565833,77.301,nwic_hp,2542.0,EGM96,Cwb,https://data.naturalcapitalalliance.stanford.edu/download/global/koppen_geiger_climatezones/koppen_geiger_climatezones_1991_2020_1km.tif,36.67725205764442,srtm_gl1,83d2658661f776abeed5637f76d382a5c961f520ccf9e5e87c079cef871ba76c,https://opentopography.s3.sdsc.edu/raster/SRTM_GL1/SRTM_GL1_srtm/N31E077.tif,VERIFIED_ASSET_SAMPLED
nwic_hp_b8142a3d525ed9c8,nwic_hp_b8142a3d525ed9c8,Haripudhar,30.770944,77.532944,nwic_hp,2398.0,EGM96,Cwb,https://data.naturalcapitalalliance.stanford.edu/download/global/koppen_geiger_climatezones/koppen_geiger_climatezones_1991_2020_1km.tif,19.689391830863652,srtm_gl1,4b8f629c320576f77ae7bed3a81d6be1b3c34ea480679153f73e53789a539a15,https://opentopography.s3.sdsc.edu/raster/SRTM_GL1/SRTM_GL1_srtm/N30E077.tif,VERIFIED_ASSET_SAMPLED
nwic_hp_ba4436479a5661c7,nwic_hp_ba4436479a5661c7,Jot_1,32.48638889,76.06138889,nwic_hp,2464.0,EGM96,Dwb,https://data.naturalcapitalalliance.stanford.edu/download/global/koppen_geiger_climatezones/koppen_geiger_climatezones_1991_2020_1km.tif,12.125383216542295,srtm_gl1,dd277390cb35e098563cf8b9327aac737f0d2304fff9983a83214ad8b9746fe3,https://opentopography.s3.sdsc.edu/raster/SRTM_GL1/SRTM_GL1_srtm/N32E076.tif,VERIFIED_ASSET_SAMPLED
nwic_hp_d61acfcf3e094d89,nwic_hp_d61acfcf3e094d89,Kaza_1,32.22694444,78.06944444,nwic_hp,3650.0,EGM96,Dsc,https://data.naturalcapitalalliance.stanford.edu/download/global/koppen_geiger_climatezones/koppen_geiger_climatezones_1991_2020_1km.tif,12.698162326500533,srtm_gl1,375e36b9e9ba328c8aa903d411f1726389ec8c29352ca99fa05d932acf0a088e,https://opentopography.s3.sdsc.edu/raster/SRTM_GL1/SRTM_GL1_srtm/N32E078.tif,VERIFIED_ASSET_SAMPLED
nwic_hp_e2c5e8d272f3a67f,nwic_hp_e2c5e8d272f3a67f,Shikari Devi,31.480101,77.165556,nwic_hp,3260.0,EGM96,Dwb,https://data.naturalcapitalalliance.stanford.edu/download/global/koppen_geiger_climatezones/koppen_geiger_climatezones_1991_2020_1km.tif,17.1087278681835,srtm_gl1,83d2658661f776abeed5637f76d382a5c961f520ccf9e5e87c079cef871ba76c,https://opentopography.s3.sdsc.edu/raster/SRTM_GL1/SRTM_GL1_srtm/N31E077.tif,VERIFIED_ASSET_SAMPLED
nwic_hp_e404e2ef31d9f7e6,nwic_hp_e404e2ef31d9f7e6,Barot_3,32.08166667,76.80083333,nwic_hp,2350.0,EGM96,Dwb,https://data.naturalcapitalalliance.stanford.edu/download/global/koppen_geiger_climatezones/koppen_geiger_climatezones_1991_2020_1km.tif,29.610155739705107,srtm_gl1,dd277390cb35e098563cf8b9327aac737f0d2304fff9983a83214ad8b9746fe3,https://opentopography.s3.sdsc.edu/raster/SRTM_GL1/SRTM_GL1_srtm/N32E076.tif,VERIFIED_ASSET_SAMPLED
nwic_hp_e69a106a664d64cb,nwic_hp_e69a106a664d64cb,Ghumarwin,31.450629,76.729654,nwic_hp,763.0,EGM96,Cwa,https://data.naturalcapitalalliance.stanford.edu/download/global/koppen_geiger_climatezones/koppen_geiger_climatezones_1991_2020_1km.tif,12.950738222324981,srtm_gl1,916230018857b307b3cf8dd263229ff74d33a4ec06eb56c397c87a730225cd7f,https://opentopography.s3.sdsc.edu/raster/SRTM_GL1/SRTM_GL1_srtm/N31E076.tif,VERIFIED_ASSET_SAMPLED
nwic_hp_ee644c38c8fda32f,nwic_hp_ee644c38c8fda32f,Dodra at Chanshal,31.209188,78.090996,nwic_hp,2412.0,EGM96,Dwb,https://data.naturalcapitalalliance.stanford.edu/download/global/koppen_geiger_climatezones/koppen_geiger_climatezones_1991_2020_1km.tif,11.128112453559268,srtm_gl1,c18e00f7187576778edd305c0952595f6a72bbeda687f8c962ce3a4e55f2667d,https://opentopography.s3.sdsc.edu/raster/SRTM_GL1/SRTM_GL1_srtm/N31E078.tif,VERIFIED_ASSET_SAMPLED
nwic_hp_f96bf95e285369da,nwic_hp_f96bf95e285369da,Triund,32.285,76.24861111,nwic_hp,1829.0,EGM96,Cwb,https://data.naturalcapitalalliance.stanford.edu/download/global/koppen_geiger_climatezones/koppen_geiger_climatezones_1991_2020_1km.tif,13.674214435606885,srtm_gl1,dd277390cb35e098563cf8b9327aac737f0d2304fff9983a83214ad8b9746fe3,https://opentopography.s3.sdsc.edu/raster/SRTM_GL1/SRTM_GL1_srtm/N32E076.tif,VERIFIED_ASSET_SAMPLED
