location_id,physical_site_id,station_name,latitude,longitude,source,elevation_m,elevation_datum,climate_zone,climate_zone_source
nwic_hp_07bc5fa5ba86e2f0,nwic_hp_07bc5fa5ba86e2f0,Tabo_1,32.093829,78.385101,nwic_hp,,,,
nwic_hp_10cb93d52313d8eb,nwic_hp_10cb93d52313d8eb,Kheer Ganga,31.994111,77.440889,nwic_hp,,,,
nwic_hp_20219bfab9bd0dcf,nwic_hp_20219bfab9bd0dcf,Barsar_1,31.470343,76.551863,nwic_hp,,,,
nwic_hp_245f1bdcd4d960f6,nwic_hp_245f1bdcd4d960f6,Arki_3,31.207776,76.877243,nwic_hp,,,,
nwic_hp_2718d92b9d086871,nwic_hp_2718d92b9d086871,Bangana_1,31.479779,76.386626,nwic_hp,,,,
nwic_hp_2c3ef08f4fa6430f,nwic_hp_2c3ef08f4fa6430f,Shilaru,31.20611111,77.42444444,nwic_hp,,,,
nwic_hp_32b6d29f43cef60a,nwic_hp_32b6d29f43cef60a,Dharmshala_1,32.21616,76.339178,nwic_hp,,,,
nwic_hp_4b46df17825bc60e,nwic_hp_4b46df17825bc60e,Salooni_1,32.72222222,76.04611111,nwic_hp,,,,
nwic_hp_58c2c8972d1d3d16,nwic_hp_58c2c8972d1d3d16,Gondhla,32.51027778,77.02277778,nwic_hp,,,,
nwic_hp_5dc867b15d286fc0,nwic_hp_5dc867b15d286fc0,Junga_1,31.043932,77.195599,nwic_hp,,,,
nwic_hp_5e6eef21ab0861a2,nwic_hp_5e6eef21ab0861a2,Bara Bhangal,32.323333,76.813056,nwic_hp,,,,
nwic_hp_6306428590264f9f,nwic_hp_6306428590264f9f,Chattru,32.317778,77.371667,nwic_hp,,,,
nwic_hp_676c40948d0c1965,nwic_hp_676c40948d0c1965,AWS Sansarpur Terrace,31.92444444,75.93027778,nwic_hp,,,,
nwic_hp_6cd444c4b61e1078,nwic_hp_6cd444c4b61e1078,AWS IIT Mandi,31.78027778,76.99305556,nwic_hp,,,,
nwic_hp_717cb8b06cc2249a,nwic_hp_717cb8b06cc2249a,Kala Amb_1,32.499389,77.206889,nwic_hp,,,,
nwic_hp_7453b42b7bd32ee9,nwic_hp_7453b42b7bd32ee9,Jogindernagar,31.996921,76.7983116,nwic_hp,,,,
nwic_hp_9c6e1dc7e4060a43,nwic_hp_9c6e1dc7e4060a43,Tisa_1,32.69344,76.086094,nwic_hp,,,,
nwic_hp_9c9204aa450dd269,nwic_hp_9c9204aa450dd269,Chitkul_1,31.35055556,78.43694444,nwic_hp,,,,
nwic_hp_9ea7a16c71299187,nwic_hp_9ea7a16c71299187,Kundi_2,32.79722222,75.93111111,nwic_hp,,,,
nwic_hp_a113d10637e048d1,nwic_hp_a113d10637e048d1,Solang Nallah_1,32.315333,77.155501,nwic_hp,,,,
nwic_hp_afdb14defa9f087c,nwic_hp_afdb14defa9f087c,Churdhar,30.837501,77.452778,nwic_hp,,,,
nwic_hp_b74d6d06920bf68c,nwic_hp_b74d6d06920bf68c,Theog,31.08565833,77.301,nwic_hp,,,,
nwic_hp_b8142a3d525ed9c8,nwic_hp_b8142a3d525ed9c8,Haripudhar,30.770944,77.532944,nwic_hp,,,,
nwic_hp_ba4436479a5661c7,nwic_hp_ba4436479a5661c7,Jot_1,32.48638889,76.06138889,nwic_hp,,,,
nwic_hp_d61acfcf3e094d89,nwic_hp_d61acfcf3e094d89,Kaza_1,32.22694444,78.06944444,nwic_hp,,,,
nwic_hp_e2c5e8d272f3a67f,nwic_hp_e2c5e8d272f3a67f,Shikari Devi,31.480101,77.165556,nwic_hp,,,,
nwic_hp_e404e2ef31d9f7e6,nwic_hp_e404e2ef31d9f7e6,Barot_3,32.08166667,76.80083333,nwic_hp,,,,
nwic_hp_e69a106a664d64cb,nwic_hp_e69a106a664d64cb,Ghumarwin,31.450629,76.729654,nwic_hp,,,,
nwic_hp_ee644c38c8fda32f,nwic_hp_ee644c38c8fda32f,Dodra at Chanshal,31.209188,78.090996,nwic_hp,,,,
nwic_hp_f96bf95e285369da,nwic_hp_f96bf95e285369da,Triund,32.285,76.24861111,nwic_hp,,,,
