timestamp_utc,node_id,latitude,longitude,elevation_m,pressure_reference,temperature_c,relative_humidity_pct,pressure_hpa,wind_speed_mps
2024-01-01T00:00:00Z,A,31.7,76.9,600,station,16,61,941,4
2024-01-01T00:00:00Z,B,31.7,76.9,600,station,13,58,938,1
2024-01-01T00:00:00Z,C,31.7,76.9,600,station,15,60,940,3
2024-01-01T00:01:00Z,A,31.7,76.9,600,station,16,61,941,4
2024-01-01T00:01:00Z,B,31.7,76.9,600,station,13,58,938,1
2024-01-01T00:01:00Z,C,31.7,76.9,600,station,15,60,940,3
2024-01-01T00:02:00Z,A,31.7,76.9,600,station,16,61,941,4
2024-01-01T00:02:00Z,B,31.7,76.9,600,station,13,58,938,1
2024-01-01T00:02:00Z,C,31.7,76.9,600,station,15,60,940,3
2024-01-01T00:03:00Z,A,31.7,76.9,600,station,16,61,941,4
2024-01-01T00:03:00Z,B,31.7,76.9,600,station,13,58,938,1
2024-01-01T00:03:00Z,C,31.7,76.9,600,station,15,60,940,3
2024-01-01T00:04:00Z,A,31.7,76.9,600,station,16,61,941,4
2024-01-01T00:04:00Z,B,31.7,76.9,600,station,13,58,938,1
2024-01-01T00:04:00Z,C,31.7,76.9,600,station,15,60,940,3
2024-01-01T00:05:00Z,A,31.7,76.9,600,station,16,61,941,4
2024-01-01T00:05:00Z,B,31.7,76.9,600,station,13,58,938,1
2024-01-01T00:05:00Z,C,31.7,76.9,600,station,15,60,940,3
2024-01-01T00:06:00Z,A,31.7,76.9,600,station,16,61,941,4
2024-01-01T00:06:00Z,B,31.7,76.9,600,station,13,58,938,1
2024-01-01T00:06:00Z,C,31.7,76.9,600,station,15,60,940,3
2024-01-01T00:07:00Z,A,31.7,76.9,600,station,16,61,941,4
2024-01-01T00:07:00Z,B,31.7,76.9,600,station,13,58,938,1
2024-01-01T00:07:00Z,C,31.7,76.9,600,station,15,60,940,3
2024-01-01T00:08:00Z,A,31.7,76.9,600,station,16,61,941,4
2024-01-01T00:08:00Z,B,31.7,76.9,600,station,13,58,938,1
2024-01-01T00:08:00Z,C,31.7,76.9,600,station,15,60,940,3
2024-01-01T00:09:00Z,A,31.7,76.9,600,station,16,61,941,4
2024-01-01T00:09:00Z,B,31.7,76.9,600,station,13,58,938,1
2024-01-01T00:09:00Z,C,31.7,76.9,600,station,15,60,940,3
2024-01-01T00:10:00Z,A,31.7,76.9,600,station,16,61,941,4
2024-01-01T00:10:00Z,B,31.7,76.9,600,station,13,58,938,1
2024-01-01T00:10:00Z,C,31.7,76.9,600,station,15,60,940,3
2024-01-01T00:11:00Z,A,31.7,76.9,600,station,16,61,941,4
2024-01-01T00:11:00Z,B,31.7,76.9,600,station,13,58,938,1
2024-01-01T00:11:00Z,C,31.7,76.9,600,station,15,60,940,3
2024-01-01T00:12:00Z,A,31.7,76.9,600,station,16,61,941,4
2024-01-01T00:12:00Z,B,31.7,76.9,600,station,13,58,938,1
2024-01-01T00:12:00Z,C,31.7,76.9,600,station,15,60,940,3
2024-01-01T00:13:00Z,A,31.7,76.9,600,station,16,61,941,4
2024-01-01T00:13:00Z,B,31.7,76.9,600,station,13,58,938,1
2024-01-01T00:13:00Z,C,31.7,76.9,600,station,15,60,940,3
2024-01-01T00:14:00Z,A,31.7,76.9,600,station,16,61,941,4
2024-01-01T00:14:00Z,B,31.7,76.9,600,station,13,58,938,1
2024-01-01T00:14:00Z,C,31.7,76.9,600,station,15,60,940,3
2024-01-01T00:15:00Z,A,31.7,76.9,600,station,16,61,941,4
2024-01-01T00:15:00Z,B,31.7,76.9,600,station,13,58,938,1
2024-01-01T00:15:00Z,C,31.7,76.9,600,station,15,60,940,3
2024-01-01T00:16:00Z,A,31.7,76.9,600,station,16,61,941,4
2024-01-01T00:16:00Z,B,31.7,76.9,600,station,13,58,938,1
2024-01-01T00:16:00Z,C,31.7,76.9,600,station,15,60,940,3
2024-01-01T00:17:00Z,A,31.7,76.9,600,station,16,61,941,4
2024-01-01T00:17:00Z,B,31.7,76.9,600,station,13,58,938,1
2024-01-01T00:17:00Z,C,31.7,76.9,600,station,15,60,940,3
2024-01-01T00:18:00Z,A,31.7,76.9,600,station,16,61,941,4
2024-01-01T00:18:00Z,B,31.7,76.9,600,station,13,58,938,1
2024-01-01T00:18:00Z,C,31.7,76.9,600,station,15,60,940,3
2024-01-01T00:19:00Z,A,31.7,76.9,600,station,16,61,941,4
2024-01-01T00:19:00Z,B,31.7,76.9,600,station,13,58,938,1
2024-01-01T00:19:00Z,C,31.7,76.9,600,station,15,60,940,3
2024-01-01T00:20:00Z,A,31.7,76.9,600,station,16,61,941,4
2024-01-01T00:20:00Z,B,31.7,76.9,600,station,13,58,938,1
2024-01-01T00:20:00Z,C,31.7,76.9,600,station,15,60,940,3
2024-01-01T00:21:00Z,A,31.7,76.9,600,station,16,61,941,4
2024-01-01T00:21:00Z,B,31.7,76.9,600,station,13,58,938,1
2024-01-01T00:21:00Z,C,31.7,76.9,600,station,15,60,940,3
2024-01-01T00:22:00Z,A,31.7,76.9,600,station,16,61,941,4
2024-01-01T00:22:00Z,B,31.7,76.9,600,station,13,58,938,1
2024-01-01T00:22:00Z,C,31.7,76.9,600,station,15,60,940,3
2024-01-01T00:23:00Z,A,31.7,76.9,600,station,16,61,941,4
2024-01-01T00:23:00Z,B,31.7,76.9,600,station,13,58,938,1
2024-01-01T00:23:00Z,C,31.7,76.9,600,station,15,60,940,3
2024-01-01T00:24:00Z,A,31.7,76.9,600,station,16,61,941,4
2024-01-01T00:24:00Z,B,31.7,76.9,600,station,13,58,938,1
2024-01-01T00:24:00Z,C,31.7,76.9,600,station,15,60,940,3
2024-01-01T00:25:00Z,A,31.7,76.9,600,station,16,61,941,4
2024-01-01T00:25:00Z,B,31.7,76.9,600,station,13,58,938,1
2024-01-01T00:25:00Z,C,31.7,76.9,600,station,15,60,940,3
2024-01-01T00:26:00Z,A,31.7,76.9,600,station,16,61,941,4
2024-01-01T00:26:00Z,B,31.7,76.9,600,station,13,58,938,1
2024-01-01T00:26:00Z,C,31.7,76.9,600,station,15,60,940,3
2024-01-01T00:27:00Z,A,31.7,76.9,600,station,16,61,941,4
2024-01-01T00:27:00Z,B,31.7,76.9,600,station,13,58,938,1
2024-01-01T00:27:00Z,C,31.7,76.9,600,station,15,60,940,3
2024-01-01T00:28:00Z,A,31.7,76.9,600,station,16,61,941,4
2024-01-01T00:28:00Z,B,31.7,76.9,600,station,13,58,938,1
2024-01-01T00:28:00Z,C,31.7,76.9,600,station,15,60,940,3
2024-01-01T00:29:00Z,A,31.7,76.9,600,station,16,61,941,4
2024-01-01T00:29:00Z,B,31.7,76.9,600,station,13,58,938,1
2024-01-01T00:29:00Z,C,31.7,76.9,600,station,15,60,940,3
2024-01-01T00:30:00Z,A,31.7,76.9,600,station,16,61,941,4
2024-01-01T00:30:00Z,B,31.7,76.9,600,station,13,58,938,1
2024-01-01T00:30:00Z,C,31.7,76.9,600,station,15,60,940,3
2024-01-01T00:31:00Z,A,31.7,76.9,600,station,16,61,941,4
2024-01-01T00:31:00Z,B,31.7,76.9,600,station,13,58,938,1
2024-01-01T00:31:00Z,C,31.7,76.9,600,station,15,60,940,3
2024-01-01T00:32:00Z,A,31.7,76.9,600,station,16,61,941,4
2024-01-01T00:32:00Z,B,31.7,76.9,600,station,13,58,938,1
2024-01-01T00:32:00Z,C,31.7,76.9,600,station,15,60,940,3
2024-01-01T00:33:00Z,A,31.7,76.9,600,station,16,61,941,4
2024-01-01T00:33:00Z,B,31.7,76.9,600,station,13,58,938,1
2024-01-01T00:33:00Z,C,31.7,76.9,600,station,15,60,940,3
2024-01-01T00:34:00Z,A,31.7,76.9,600,station,16,61,941,4
2024-01-01T00:34:00Z,B,31.7,76.9,600,station,13,58,938,1
2024-01-01T00:34:00Z,C,31.7,76.9,600,station,15,60,940,3
2024-01-01T00:35:00Z,A,31.7,76.9,600,station,16,61,941,4
2024-01-01T00:35:00Z,B,31.7,76.9,600,station,13,58,938,1
2024-01-01T00:35:00Z,C,31.7,76.9,600,station,15,60,940,3
2024-01-01T00:36:00Z,A,31.7,76.9,600,station,16,61,941,4
2024-01-01T00:36:00Z,B,31.7,76.9,600,station,13,58,938,1
2024-01-01T00:36:00Z,C,31.7,76.9,600,station,15,60,940,3
2024-01-01T00:37:00Z,A,31.7,76.9,600,station,16,61,941,4
2024-01-01T00:37:00Z,B,31.7,76.9,600,station,13,58,938,1
2024-01-01T00:37:00Z,C,31.7,76.9,600,station,15,60,940,3
2024-01-01T00:38:00Z,A,31.7,76.9,600,station,16,61,941,4
2024-01-01T00:38:00Z,B,31.7,76.9,600,station,13,58,938,1
2024-01-01T00:38:00Z,C,31.7,76.9,600,station,15,60,940,3
2024-01-01T00:39:00Z,A,31.7,76.9,600,station,16,61,941,4
2024-01-01T00:39:00Z,B,31.7,76.9,600,station,13,58,938,1
2024-01-01T00:39:00Z,C,31.7,76.9,600,station,15,60,940,3
2024-01-01T00:40:00Z,A,31.7,76.9,600,station,16,61,941,4
2024-01-01T00:40:00Z,B,31.7,76.9,600,station,13,58,938,1
2024-01-01T00:40:00Z,C,31.7,76.9,600,station,15,60,940,3
2024-01-01T00:41:00Z,A,31.7,76.9,600,station,16,61,941,4
2024-01-01T00:41:00Z,B,31.7,76.9,600,station,13,58,938,1
2024-01-01T00:41:00Z,C,31.7,76.9,600,station,15,60,940,3
2024-01-01T00:42:00Z,A,31.7,76.9,600,station,16,61,941,4
2024-01-01T00:42:00Z,B,31.7,76.9,600,station,13,58,938,1
2024-01-01T00:42:00Z,C,31.7,76.9,600,station,15,60,940,3
2024-01-01T00:43:00Z,A,31.7,76.9,600,station,16,61,941,4
2024-01-01T00:43:00Z,B,31.7,76.9,600,station,13,58,938,1
2024-01-01T00:43:00Z,C,31.7,76.9,600,station,15,60,940,3
2024-01-01T00:44:00Z,A,31.7,76.9,600,station,16,61,941,4
2024-01-01T00:44:00Z,B,31.7,76.9,600,station,13,58,938,1
2024-01-01T00:44:00Z,C,31.7,76.9,600,station,15,60,940,3
2024-01-01T00:45:00Z,A,31.7,76.9,600,station,16,61,941,4
2024-01-01T00:45:00Z,B,31.7,76.9,600,station,13,58,938,1
2024-01-01T00:45:00Z,C,31.7,76.9,600,station,15,60,940,3
2024-01-01T00:46:00Z,A,31.7,76.9,600,station,16,61,941,4
2024-01-01T00:46:00Z,B,31.7,76.9,600,station,13,58,938,1
2024-01-01T00:46:00Z,C,31.7,76.9,600,station,15,60,940,3
2024-01-01T00:47:00Z,A,31.7,76.9,600,station,16,61,941,4
2024-01-01T00:47:00Z,B,31.7,76.9,600,station,13,58,938,1
2024-01-01T00:47:00Z,C,31.7,76.9,600,station,15,60,940,3
2024-01-01T00:48:00Z,A,31.7,76.9,600,station,16,61,941,4
2024-01-01T00:48:00Z,B,31.7,76.9,600,station,13,58,938,1
2024-01-01T00:48:00Z,C,31.7,76.9,600,station,15,60,940,3
2024-01-01T00:49:00Z,A,31.7,76.9,600,station,16,61,941,4
2024-01-01T00:49:00Z,B,31.7,76.9,600,station,13,58,938,1
2024-01-01T00:49:00Z,C,31.7,76.9,600,station,15,60,940,3
2024-01-01T00:50:00Z,A,31.7,76.9,600,station,16,61,941,4
2024-01-01T00:50:00Z,B,31.7,76.9,600,station,13,58,938,1
2024-01-01T00:50:00Z,C,31.7,76.9,600,station,15,60,940,3
2024-01-01T00:51:00Z,A,31.7,76.9,600,station,16,61,941,4
2024-01-01T00:51:00Z,B,31.7,76.9,600,station,13,58,938,1
2024-01-01T00:51:00Z,C,31.7,76.9,600,station,15,60,940,3
2024-01-01T00:52:00Z,A,31.7,76.9,600,station,16,61,941,4
2024-01-01T00:52:00Z,B,31.7,76.9,600,station,13,58,938,1
2024-01-01T00:52:00Z,C,31.7,76.9,600,station,15,60,940,3
2024-01-01T00:53:00Z,A,31.7,76.9,600,station,16,61,941,4
2024-01-01T00:53:00Z,B,31.7,76.9,600,station,13,58,938,1
2024-01-01T00:53:00Z,C,31.7,76.9,600,station,15,60,940,3
2024-01-01T00:54:00Z,A,31.7,76.9,600,station,16,61,941,4
2024-01-01T00:54:00Z,B,31.7,76.9,600,station,13,58,938,1
2024-01-01T00:54:00Z,C,31.7,76.9,600,station,15,60,940,3
2024-01-01T00:55:00Z,A,31.7,76.9,600,station,16,61,941,4
2024-01-01T00:55:00Z,B,31.7,76.9,600,station,13,58,938,1
2024-01-01T00:55:00Z,C,31.7,76.9,600,station,15,60,940,3
2024-01-01T00:56:00Z,A,31.7,76.9,600,station,16,61,941,4
2024-01-01T00:56:00Z,B,31.7,76.9,600,station,13,58,938,1
2024-01-01T00:56:00Z,C,31.7,76.9,600,station,15,60,940,3
2024-01-01T00:57:00Z,A,31.7,76.9,600,station,16,61,941,4
2024-01-01T00:57:00Z,B,31.7,76.9,600,station,13,58,938,1
2024-01-01T00:57:00Z,C,31.7,76.9,600,station,15,60,940,3
2024-01-01T00:58:00Z,A,31.7,76.9,600,station,16,61,941,4
2024-01-01T00:58:00Z,B,31.7,76.9,600,station,13,58,938,1
2024-01-01T00:58:00Z,C,31.7,76.9,600,station,15,60,940,3
2024-01-01T00:59:00Z,A,31.7,76.9,600,station,16,61,941,4
2024-01-01T00:59:00Z,B,31.7,76.9,600,station,13,58,938,1
2024-01-01T00:59:00Z,C,31.7,76.9,600,station,15,60,940,3
