timestamp_utc,hidden_sensor,node_a,node_b,target,method,truth_raw,truth_corrected,prediction,status,band90_lower,band90_upper,calibration_status
2024-01-02T00:00:00+00:00,A,B,C,temperature_c,prediction,16,15.0,,REFUSED_NETWORK_GEOMETRY,,,NO_CHECKED_BAND
2024-01-02T00:00:00+00:00,A,B,C,temperature_c,two_node_physics,16,15.0,,REFUSED_NETWORK_GEOMETRY,,,
2024-01-02T00:00:00+00:00,A,B,C,temperature_c,idw,16,15.0,15.000000000000002,DIAGNOSTIC_UNGUARDED,,,
2024-01-02T00:00:00+00:00,A,B,C,temperature_c,nearest,16,15.0,15.0,DIAGNOSTIC_UNGUARDED,,,
2024-01-02T00:00:00+00:00,A,B,C,temperature_c,node_mean,16,15.0,15.0,DIAGNOSTIC_UNGUARDED,,,
2024-01-02T00:00:00+00:00,A,B,C,relative_humidity_pct,prediction,61,60.0,,REFUSED_NETWORK_GEOMETRY,,,NO_CHECKED_BAND
2024-01-02T00:00:00+00:00,A,B,C,relative_humidity_pct,two_node_physics,61,60.0,,REFUSED_NETWORK_GEOMETRY,,,
2024-01-02T00:00:00+00:00,A,B,C,relative_humidity_pct,idw,61,60.0,60.00000000000001,DIAGNOSTIC_UNGUARDED,,,
2024-01-02T00:00:00+00:00,A,B,C,relative_humidity_pct,nearest,61,60.0,60.0,DIAGNOSTIC_UNGUARDED,,,
2024-01-02T00:00:00+00:00,A,B,C,relative_humidity_pct,node_mean,61,60.0,60.0,DIAGNOSTIC_UNGUARDED,,,
2024-01-02T00:00:00+00:00,A,B,C,pressure_hpa,prediction,941,940.0,,REFUSED_NETWORK_GEOMETRY,,,NO_CHECKED_BAND
2024-01-02T00:00:00+00:00,A,B,C,pressure_hpa,two_node_physics,941,940.0,,REFUSED_NETWORK_GEOMETRY,,,
2024-01-02T00:00:00+00:00,A,B,C,pressure_hpa,idw,941,940.0,940.0,DIAGNOSTIC_UNGUARDED,,,
2024-01-02T00:00:00+00:00,A,B,C,pressure_hpa,nearest,941,940.0,940.0,DIAGNOSTIC_UNGUARDED,,,
2024-01-02T00:00:00+00:00,A,B,C,pressure_hpa,node_mean,941,940.0,940.0,DIAGNOSTIC_UNGUARDED,,,
2024-01-02T00:00:00+00:00,A,B,C,wind_speed_mps,prediction,4,3.0,,REFUSED_NETWORK_GEOMETRY,,,NO_CHECKED_BAND
2024-01-02T00:00:00+00:00,A,B,C,wind_speed_mps,two_node_physics,4,3.0,,REFUSED_NETWORK_GEOMETRY,,,
2024-01-02T00:00:00+00:00,A,B,C,wind_speed_mps,idw,4,3.0,3.0,DIAGNOSTIC_UNGUARDED,,,
2024-01-02T00:00:00+00:00,A,B,C,wind_speed_mps,nearest,4,3.0,3.0,DIAGNOSTIC_UNGUARDED,,,
2024-01-02T00:00:00+00:00,A,B,C,wind_speed_mps,node_mean,4,3.0,3.0,DIAGNOSTIC_UNGUARDED,,,
2024-01-02T00:00:00+00:00,B,A,C,temperature_c,prediction,13,15.0,,REFUSED_NETWORK_GEOMETRY,,,NO_CHECKED_BAND
2024-01-02T00:00:00+00:00,B,A,C,temperature_c,two_node_physics,13,15.0,,REFUSED_NETWORK_GEOMETRY,,,
2024-01-02T00:00:00+00:00,B,A,C,temperature_c,idw,13,15.0,15.0,DIAGNOSTIC_UNGUARDED,,,
2024-01-02T00:00:00+00:00,B,A,C,temperature_c,nearest,13,15.0,15.0,DIAGNOSTIC_UNGUARDED,,,
2024-01-02T00:00:00+00:00,B,A,C,temperature_c,node_mean,13,15.0,15.0,DIAGNOSTIC_UNGUARDED,,,
2024-01-02T00:00:00+00:00,B,A,C,relative_humidity_pct,prediction,58,60.0,,REFUSED_NETWORK_GEOMETRY,,,NO_CHECKED_BAND
2024-01-02T00:00:00+00:00,B,A,C,relative_humidity_pct,two_node_physics,58,60.0,,REFUSED_NETWORK_GEOMETRY,,,
2024-01-02T00:00:00+00:00,B,A,C,relative_humidity_pct,idw,58,60.0,60.0,DIAGNOSTIC_UNGUARDED,,,
2024-01-02T00:00:00+00:00,B,A,C,relative_humidity_pct,nearest,58,60.0,60.0,DIAGNOSTIC_UNGUARDED,,,
2024-01-02T00:00:00+00:00,B,A,C,relative_humidity_pct,node_mean,58,60.0,60.0,DIAGNOSTIC_UNGUARDED,,,
2024-01-02T00:00:00+00:00,B,A,C,pressure_hpa,prediction,938,940.0,,REFUSED_NETWORK_GEOMETRY,,,NO_CHECKED_BAND
2024-01-02T00:00:00+00:00,B,A,C,pressure_hpa,two_node_physics,938,940.0,,REFUSED_NETWORK_GEOMETRY,,,
2024-01-02T00:00:00+00:00,B,A,C,pressure_hpa,idw,938,940.0,940.0000000000001,DIAGNOSTIC_UNGUARDED,,,
2024-01-02T00:00:00+00:00,B,A,C,pressure_hpa,nearest,938,940.0,940.0,DIAGNOSTIC_UNGUARDED,,,
2024-01-02T00:00:00+00:00,B,A,C,pressure_hpa,node_mean,938,940.0,940.0,DIAGNOSTIC_UNGUARDED,,,
2024-01-02T00:00:00+00:00,B,A,C,wind_speed_mps,prediction,1,3.0,,REFUSED_NETWORK_GEOMETRY,,,NO_CHECKED_BAND
2024-01-02T00:00:00+00:00,B,A,C,wind_speed_mps,two_node_physics,1,3.0,,REFUSED_NETWORK_GEOMETRY,,,
2024-01-02T00:00:00+00:00,B,A,C,wind_speed_mps,idw,1,3.0,3.0000000000000004,DIAGNOSTIC_UNGUARDED,,,
2024-01-02T00:00:00+00:00,B,A,C,wind_speed_mps,nearest,1,3.0,3.0,DIAGNOSTIC_UNGUARDED,,,
2024-01-02T00:00:00+00:00,B,A,C,wind_speed_mps,node_mean,1,3.0,3.0,DIAGNOSTIC_UNGUARDED,,,
2024-01-02T00:00:00+00:00,C,A,B,temperature_c,prediction,15,15.0,14.999999999999995,PHYSICS_FALLBACK,,,NO_CHECKED_BAND
2024-01-02T00:00:00+00:00,C,A,B,temperature_c,two_node_physics,15,15.0,14.999999999999995,PHYSICS_FALLBACK,,,
2024-01-02T00:00:00+00:00,C,A,B,temperature_c,idw,15,15.0,14.999999999999998,DIAGNOSTIC_UNGUARDED,,,
2024-01-02T00:00:00+00:00,C,A,B,temperature_c,nearest,15,15.0,15.0,DIAGNOSTIC_UNGUARDED,,,
2024-01-02T00:00:00+00:00,C,A,B,temperature_c,node_mean,15,15.0,15.0,DIAGNOSTIC_UNGUARDED,,,
2024-01-02T00:00:00+00:00,C,A,B,relative_humidity_pct,prediction,60,60.0,60.00000000000001,PHYSICS_FALLBACK,,,NO_CHECKED_BAND
2024-01-02T00:00:00+00:00,C,A,B,relative_humidity_pct,two_node_physics,60,60.0,60.00000000000001,PHYSICS_FALLBACK,,,
2024-01-02T00:00:00+00:00,C,A,B,relative_humidity_pct,idw,60,60.0,59.99999999999999,DIAGNOSTIC_UNGUARDED,,,
2024-01-02T00:00:00+00:00,C,A,B,relative_humidity_pct,nearest,60,60.0,60.0,DIAGNOSTIC_UNGUARDED,,,
2024-01-02T00:00:00+00:00,C,A,B,relative_humidity_pct,node_mean,60,60.0,60.0,DIAGNOSTIC_UNGUARDED,,,
2024-01-02T00:00:00+00:00,C,A,B,pressure_hpa,prediction,940,940.0,939.9999999983145,PHYSICS_FALLBACK,,,NO_CHECKED_BAND
2024-01-02T00:00:00+00:00,C,A,B,pressure_hpa,two_node_physics,940,940.0,939.9999999983145,PHYSICS_FALLBACK,,,
2024-01-02T00:00:00+00:00,C,A,B,pressure_hpa,idw,940,940.0,939.9999999999998,DIAGNOSTIC_UNGUARDED,,,
2024-01-02T00:00:00+00:00,C,A,B,pressure_hpa,nearest,940,940.0,940.0,DIAGNOSTIC_UNGUARDED,,,
2024-01-02T00:00:00+00:00,C,A,B,pressure_hpa,node_mean,940,940.0,940.0,DIAGNOSTIC_UNGUARDED,,,
2024-01-02T00:00:00+00:00,C,A,B,wind_speed_mps,prediction,3,3.0,2.9999999999999996,PHYSICS_FALLBACK,,,NO_CHECKED_BAND
2024-01-02T00:00:00+00:00,C,A,B,wind_speed_mps,two_node_physics,3,3.0,2.9999999999999996,PHYSICS_FALLBACK,,,
2024-01-02T00:00:00+00:00,C,A,B,wind_speed_mps,idw,3,3.0,2.9999999999999996,DIAGNOSTIC_UNGUARDED,,,
2024-01-02T00:00:00+00:00,C,A,B,wind_speed_mps,nearest,3,3.0,3.0,DIAGNOSTIC_UNGUARDED,,,
2024-01-02T00:00:00+00:00,C,A,B,wind_speed_mps,node_mean,3,3.0,3.0,DIAGNOSTIC_UNGUARDED,,,
2024-01-02T00:01:00+00:00,A,B,C,temperature_c,prediction,16,15.0,,REFUSED_NETWORK_GEOMETRY,,,NO_CHECKED_BAND
2024-01-02T00:01:00+00:00,A,B,C,temperature_c,two_node_physics,16,15.0,,REFUSED_NETWORK_GEOMETRY,,,
2024-01-02T00:01:00+00:00,A,B,C,temperature_c,idw,16,15.0,15.000000000000002,DIAGNOSTIC_UNGUARDED,,,
2024-01-02T00:01:00+00:00,A,B,C,temperature_c,nearest,16,15.0,15.0,DIAGNOSTIC_UNGUARDED,,,
2024-01-02T00:01:00+00:00,A,B,C,temperature_c,node_mean,16,15.0,15.0,DIAGNOSTIC_UNGUARDED,,,
2024-01-02T00:01:00+00:00,A,B,C,relative_humidity_pct,prediction,61,60.0,,REFUSED_NETWORK_GEOMETRY,,,NO_CHECKED_BAND
2024-01-02T00:01:00+00:00,A,B,C,relative_humidity_pct,two_node_physics,61,60.0,,REFUSED_NETWORK_GEOMETRY,,,
2024-01-02T00:01:00+00:00,A,B,C,relative_humidity_pct,idw,61,60.0,60.00000000000001,DIAGNOSTIC_UNGUARDED,,,
2024-01-02T00:01:00+00:00,A,B,C,relative_humidity_pct,nearest,61,60.0,60.0,DIAGNOSTIC_UNGUARDED,,,
2024-01-02T00:01:00+00:00,A,B,C,relative_humidity_pct,node_mean,61,60.0,60.0,DIAGNOSTIC_UNGUARDED,,,
2024-01-02T00:01:00+00:00,A,B,C,pressure_hpa,prediction,941,940.0,,REFUSED_NETWORK_GEOMETRY,,,NO_CHECKED_BAND
2024-01-02T00:01:00+00:00,A,B,C,pressure_hpa,two_node_physics,941,940.0,,REFUSED_NETWORK_GEOMETRY,,,
2024-01-02T00:01:00+00:00,A,B,C,pressure_hpa,idw,941,940.0,940.0,DIAGNOSTIC_UNGUARDED,,,
2024-01-02T00:01:00+00:00,A,B,C,pressure_hpa,nearest,941,940.0,940.0,DIAGNOSTIC_UNGUARDED,,,
2024-01-02T00:01:00+00:00,A,B,C,pressure_hpa,node_mean,941,940.0,940.0,DIAGNOSTIC_UNGUARDED,,,
2024-01-02T00:01:00+00:00,A,B,C,wind_speed_mps,prediction,4,3.0,,REFUSED_NETWORK_GEOMETRY,,,NO_CHECKED_BAND
2024-01-02T00:01:00+00:00,A,B,C,wind_speed_mps,two_node_physics,4,3.0,,REFUSED_NETWORK_GEOMETRY,,,
2024-01-02T00:01:00+00:00,A,B,C,wind_speed_mps,idw,4,3.0,3.0,DIAGNOSTIC_UNGUARDED,,,
2024-01-02T00:01:00+00:00,A,B,C,wind_speed_mps,nearest,4,3.0,3.0,DIAGNOSTIC_UNGUARDED,,,
2024-01-02T00:01:00+00:00,A,B,C,wind_speed_mps,node_mean,4,3.0,3.0,DIAGNOSTIC_UNGUARDED,,,
2024-01-02T00:01:00+00:00,B,A,C,temperature_c,prediction,13,15.0,,REFUSED_NETWORK_GEOMETRY,,,NO_CHECKED_BAND
2024-01-02T00:01:00+00:00,B,A,C,temperature_c,two_node_physics,13,15.0,,REFUSED_NETWORK_GEOMETRY,,,
2024-01-02T00:01:00+00:00,B,A,C,temperature_c,idw,13,15.0,15.0,DIAGNOSTIC_UNGUARDED,,,
2024-01-02T00:01:00+00:00,B,A,C,temperature_c,nearest,13,15.0,15.0,DIAGNOSTIC_UNGUARDED,,,
2024-01-02T00:01:00+00:00,B,A,C,temperature_c,node_mean,13,15.0,15.0,DIAGNOSTIC_UNGUARDED,,,
2024-01-02T00:01:00+00:00,B,A,C,relative_humidity_pct,prediction,58,60.0,,REFUSED_NETWORK_GEOMETRY,,,NO_CHECKED_BAND
2024-01-02T00:01:00+00:00,B,A,C,relative_humidity_pct,two_node_physics,58,60.0,,REFUSED_NETWORK_GEOMETRY,,,
2024-01-02T00:01:00+00:00,B,A,C,relative_humidity_pct,idw,58,60.0,60.0,DIAGNOSTIC_UNGUARDED,,,
2024-01-02T00:01:00+00:00,B,A,C,relative_humidity_pct,nearest,58,60.0,60.0,DIAGNOSTIC_UNGUARDED,,,
2024-01-02T00:01:00+00:00,B,A,C,relative_humidity_pct,node_mean,58,60.0,60.0,DIAGNOSTIC_UNGUARDED,,,
2024-01-02T00:01:00+00:00,B,A,C,pressure_hpa,prediction,938,940.0,,REFUSED_NETWORK_GEOMETRY,,,NO_CHECKED_BAND
2024-01-02T00:01:00+00:00,B,A,C,pressure_hpa,two_node_physics,938,940.0,,REFUSED_NETWORK_GEOMETRY,,,
2024-01-02T00:01:00+00:00,B,A,C,pressure_hpa,idw,938,940.0,940.0000000000001,DIAGNOSTIC_UNGUARDED,,,
2024-01-02T00:01:00+00:00,B,A,C,pressure_hpa,nearest,938,940.0,940.0,DIAGNOSTIC_UNGUARDED,,,
2024-01-02T00:01:00+00:00,B,A,C,pressure_hpa,node_mean,938,940.0,940.0,DIAGNOSTIC_UNGUARDED,,,
2024-01-02T00:01:00+00:00,B,A,C,wind_speed_mps,prediction,1,3.0,,REFUSED_NETWORK_GEOMETRY,,,NO_CHECKED_BAND
2024-01-02T00:01:00+00:00,B,A,C,wind_speed_mps,two_node_physics,1,3.0,,REFUSED_NETWORK_GEOMETRY,,,
2024-01-02T00:01:00+00:00,B,A,C,wind_speed_mps,idw,1,3.0,3.0000000000000004,DIAGNOSTIC_UNGUARDED,,,
2024-01-02T00:01:00+00:00,B,A,C,wind_speed_mps,nearest,1,3.0,3.0,DIAGNOSTIC_UNGUARDED,,,
2024-01-02T00:01:00+00:00,B,A,C,wind_speed_mps,node_mean,1,3.0,3.0,DIAGNOSTIC_UNGUARDED,,,
2024-01-02T00:01:00+00:00,C,A,B,temperature_c,prediction,15,15.0,14.999999999999995,PHYSICS_FALLBACK,,,NO_CHECKED_BAND
2024-01-02T00:01:00+00:00,C,A,B,temperature_c,two_node_physics,15,15.0,14.999999999999995,PHYSICS_FALLBACK,,,
2024-01-02T00:01:00+00:00,C,A,B,temperature_c,idw,15,15.0,14.999999999999998,DIAGNOSTIC_UNGUARDED,,,
2024-01-02T00:01:00+00:00,C,A,B,temperature_c,nearest,15,15.0,15.0,DIAGNOSTIC_UNGUARDED,,,
2024-01-02T00:01:00+00:00,C,A,B,temperature_c,node_mean,15,15.0,15.0,DIAGNOSTIC_UNGUARDED,,,
2024-01-02T00:01:00+00:00,C,A,B,relative_humidity_pct,prediction,60,60.0,60.00000000000001,PHYSICS_FALLBACK,,,NO_CHECKED_BAND
2024-01-02T00:01:00+00:00,C,A,B,relative_humidity_pct,two_node_physics,60,60.0,60.00000000000001,PHYSICS_FALLBACK,,,
2024-01-02T00:01:00+00:00,C,A,B,relative_humidity_pct,idw,60,60.0,59.99999999999999,DIAGNOSTIC_UNGUARDED,,,
2024-01-02T00:01:00+00:00,C,A,B,relative_humidity_pct,nearest,60,60.0,60.0,DIAGNOSTIC_UNGUARDED,,,
2024-01-02T00:01:00+00:00,C,A,B,relative_humidity_pct,node_mean,60,60.0,60.0,DIAGNOSTIC_UNGUARDED,,,
2024-01-02T00:01:00+00:00,C,A,B,pressure_hpa,prediction,940,940.0,939.9999999983145,PHYSICS_FALLBACK,,,NO_CHECKED_BAND
2024-01-02T00:01:00+00:00,C,A,B,pressure_hpa,two_node_physics,940,940.0,939.9999999983145,PHYSICS_FALLBACK,,,
2024-01-02T00:01:00+00:00,C,A,B,pressure_hpa,idw,940,940.0,939.9999999999998,DIAGNOSTIC_UNGUARDED,,,
2024-01-02T00:01:00+00:00,C,A,B,pressure_hpa,nearest,940,940.0,940.0,DIAGNOSTIC_UNGUARDED,,,
2024-01-02T00:01:00+00:00,C,A,B,pressure_hpa,node_mean,940,940.0,940.0,DIAGNOSTIC_UNGUARDED,,,
2024-01-02T00:01:00+00:00,C,A,B,wind_speed_mps,prediction,3,3.0,2.9999999999999996,PHYSICS_FALLBACK,,,NO_CHECKED_BAND
2024-01-02T00:01:00+00:00,C,A,B,wind_speed_mps,two_node_physics,3,3.0,2.9999999999999996,PHYSICS_FALLBACK,,,
2024-01-02T00:01:00+00:00,C,A,B,wind_speed_mps,idw,3,3.0,2.9999999999999996,DIAGNOSTIC_UNGUARDED,,,
2024-01-02T00:01:00+00:00,C,A,B,wind_speed_mps,nearest,3,3.0,3.0,DIAGNOSTIC_UNGUARDED,,,
2024-01-02T00:01:00+00:00,C,A,B,wind_speed_mps,node_mean,3,3.0,3.0,DIAGNOSTIC_UNGUARDED,,,
2024-01-02T00:02:00+00:00,A,B,C,temperature_c,prediction,16,15.0,,REFUSED_NETWORK_GEOMETRY,,,NO_CHECKED_BAND
2024-01-02T00:02:00+00:00,A,B,C,temperature_c,two_node_physics,16,15.0,,REFUSED_NETWORK_GEOMETRY,,,
2024-01-02T00:02:00+00:00,A,B,C,temperature_c,idw,16,15.0,15.000000000000002,DIAGNOSTIC_UNGUARDED,,,
2024-01-02T00:02:00+00:00,A,B,C,temperature_c,nearest,16,15.0,15.0,DIAGNOSTIC_UNGUARDED,,,
2024-01-02T00:02:00+00:00,A,B,C,temperature_c,node_mean,16,15.0,15.0,DIAGNOSTIC_UNGUARDED,,,
2024-01-02T00:02:00+00:00,A,B,C,relative_humidity_pct,prediction,61,60.0,,REFUSED_NETWORK_GEOMETRY,,,NO_CHECKED_BAND
2024-01-02T00:02:00+00:00,A,B,C,relative_humidity_pct,two_node_physics,61,60.0,,REFUSED_NETWORK_GEOMETRY,,,
2024-01-02T00:02:00+00:00,A,B,C,relative_humidity_pct,idw,61,60.0,60.00000000000001,DIAGNOSTIC_UNGUARDED,,,
2024-01-02T00:02:00+00:00,A,B,C,relative_humidity_pct,nearest,61,60.0,60.0,DIAGNOSTIC_UNGUARDED,,,
2024-01-02T00:02:00+00:00,A,B,C,relative_humidity_pct,node_mean,61,60.0,60.0,DIAGNOSTIC_UNGUARDED,,,
2024-01-02T00:02:00+00:00,A,B,C,pressure_hpa,prediction,941,940.0,,REFUSED_NETWORK_GEOMETRY,,,NO_CHECKED_BAND
2024-01-02T00:02:00+00:00,A,B,C,pressure_hpa,two_node_physics,941,940.0,,REFUSED_NETWORK_GEOMETRY,,,
2024-01-02T00:02:00+00:00,A,B,C,pressure_hpa,idw,941,940.0,940.0,DIAGNOSTIC_UNGUARDED,,,
2024-01-02T00:02:00+00:00,A,B,C,pressure_hpa,nearest,941,940.0,940.0,DIAGNOSTIC_UNGUARDED,,,
2024-01-02T00:02:00+00:00,A,B,C,pressure_hpa,node_mean,941,940.0,940.0,DIAGNOSTIC_UNGUARDED,,,
2024-01-02T00:02:00+00:00,A,B,C,wind_speed_mps,prediction,4,3.0,,REFUSED_NETWORK_GEOMETRY,,,NO_CHECKED_BAND
2024-01-02T00:02:00+00:00,A,B,C,wind_speed_mps,two_node_physics,4,3.0,,REFUSED_NETWORK_GEOMETRY,,,
2024-01-02T00:02:00+00:00,A,B,C,wind_speed_mps,idw,4,3.0,3.0,DIAGNOSTIC_UNGUARDED,,,
2024-01-02T00:02:00+00:00,A,B,C,wind_speed_mps,nearest,4,3.0,3.0,DIAGNOSTIC_UNGUARDED,,,
2024-01-02T00:02:00+00:00,A,B,C,wind_speed_mps,node_mean,4,3.0,3.0,DIAGNOSTIC_UNGUARDED,,,
2024-01-02T00:02:00+00:00,B,A,C,temperature_c,prediction,13,15.0,,REFUSED_NETWORK_GEOMETRY,,,NO_CHECKED_BAND
2024-01-02T00:02:00+00:00,B,A,C,temperature_c,two_node_physics,13,15.0,,REFUSED_NETWORK_GEOMETRY,,,
2024-01-02T00:02:00+00:00,B,A,C,temperature_c,idw,13,15.0,15.0,DIAGNOSTIC_UNGUARDED,,,
2024-01-02T00:02:00+00:00,B,A,C,temperature_c,nearest,13,15.0,15.0,DIAGNOSTIC_UNGUARDED,,,
2024-01-02T00:02:00+00:00,B,A,C,temperature_c,node_mean,13,15.0,15.0,DIAGNOSTIC_UNGUARDED,,,
2024-01-02T00:02:00+00:00,B,A,C,relative_humidity_pct,prediction,58,60.0,,REFUSED_NETWORK_GEOMETRY,,,NO_CHECKED_BAND
2024-01-02T00:02:00+00:00,B,A,C,relative_humidity_pct,two_node_physics,58,60.0,,REFUSED_NETWORK_GEOMETRY,,,
2024-01-02T00:02:00+00:00,B,A,C,relative_humidity_pct,idw,58,60.0,60.0,DIAGNOSTIC_UNGUARDED,,,
2024-01-02T00:02:00+00:00,B,A,C,relative_humidity_pct,nearest,58,60.0,60.0,DIAGNOSTIC_UNGUARDED,,,
2024-01-02T00:02:00+00:00,B,A,C,relative_humidity_pct,node_mean,58,60.0,60.0,DIAGNOSTIC_UNGUARDED,,,
2024-01-02T00:02:00+00:00,B,A,C,pressure_hpa,prediction,938,940.0,,REFUSED_NETWORK_GEOMETRY,,,NO_CHECKED_BAND
2024-01-02T00:02:00+00:00,B,A,C,pressure_hpa,two_node_physics,938,940.0,,REFUSED_NETWORK_GEOMETRY,,,
2024-01-02T00:02:00+00:00,B,A,C,pressure_hpa,idw,938,940.0,940.0000000000001,DIAGNOSTIC_UNGUARDED,,,
2024-01-02T00:02:00+00:00,B,A,C,pressure_hpa,nearest,938,940.0,940.0,DIAGNOSTIC_UNGUARDED,,,
2024-01-02T00:02:00+00:00,B,A,C,pressure_hpa,node_mean,938,940.0,940.0,DIAGNOSTIC_UNGUARDED,,,
2024-01-02T00:02:00+00:00,B,A,C,wind_speed_mps,prediction,1,3.0,,REFUSED_NETWORK_GEOMETRY,,,NO_CHECKED_BAND
2024-01-02T00:02:00+00:00,B,A,C,wind_speed_mps,two_node_physics,1,3.0,,REFUSED_NETWORK_GEOMETRY,,,
2024-01-02T00:02:00+00:00,B,A,C,wind_speed_mps,idw,1,3.0,3.0000000000000004,DIAGNOSTIC_UNGUARDED,,,
2024-01-02T00:02:00+00:00,B,A,C,wind_speed_mps,nearest,1,3.0,3.0,DIAGNOSTIC_UNGUARDED,,,
2024-01-02T00:02:00+00:00,B,A,C,wind_speed_mps,node_mean,1,3.0,3.0,DIAGNOSTIC_UNGUARDED,,,
2024-01-02T00:02:00+00:00,C,A,B,temperature_c,prediction,15,15.0,14.999999999999995,PHYSICS_FALLBACK,,,NO_CHECKED_BAND
2024-01-02T00:02:00+00:00,C,A,B,temperature_c,two_node_physics,15,15.0,14.999999999999995,PHYSICS_FALLBACK,,,
2024-01-02T00:02:00+00:00,C,A,B,temperature_c,idw,15,15.0,14.999999999999998,DIAGNOSTIC_UNGUARDED,,,
2024-01-02T00:02:00+00:00,C,A,B,temperature_c,nearest,15,15.0,15.0,DIAGNOSTIC_UNGUARDED,,,
2024-01-02T00:02:00+00:00,C,A,B,temperature_c,node_mean,15,15.0,15.0,DIAGNOSTIC_UNGUARDED,,,
2024-01-02T00:02:00+00:00,C,A,B,relative_humidity_pct,prediction,60,60.0,60.00000000000001,PHYSICS_FALLBACK,,,NO_CHECKED_BAND
2024-01-02T00:02:00+00:00,C,A,B,relative_humidity_pct,two_node_physics,60,60.0,60.00000000000001,PHYSICS_FALLBACK,,,
2024-01-02T00:02:00+00:00,C,A,B,relative_humidity_pct,idw,60,60.0,59.99999999999999,DIAGNOSTIC_UNGUARDED,,,
2024-01-02T00:02:00+00:00,C,A,B,relative_humidity_pct,nearest,60,60.0,60.0,DIAGNOSTIC_UNGUARDED,,,
2024-01-02T00:02:00+00:00,C,A,B,relative_humidity_pct,node_mean,60,60.0,60.0,DIAGNOSTIC_UNGUARDED,,,
2024-01-02T00:02:00+00:00,C,A,B,pressure_hpa,prediction,940,940.0,939.9999999983145,PHYSICS_FALLBACK,,,NO_CHECKED_BAND
2024-01-02T00:02:00+00:00,C,A,B,pressure_hpa,two_node_physics,940,940.0,939.9999999983145,PHYSICS_FALLBACK,,,
2024-01-02T00:02:00+00:00,C,A,B,pressure_hpa,idw,940,940.0,939.9999999999998,DIAGNOSTIC_UNGUARDED,,,
2024-01-02T00:02:00+00:00,C,A,B,pressure_hpa,nearest,940,940.0,940.0,DIAGNOSTIC_UNGUARDED,,,
2024-01-02T00:02:00+00:00,C,A,B,pressure_hpa,node_mean,940,940.0,940.0,DIAGNOSTIC_UNGUARDED,,,
2024-01-02T00:02:00+00:00,C,A,B,wind_speed_mps,prediction,3,3.0,2.9999999999999996,PHYSICS_FALLBACK,,,NO_CHECKED_BAND
2024-01-02T00:02:00+00:00,C,A,B,wind_speed_mps,two_node_physics,3,3.0,2.9999999999999996,PHYSICS_FALLBACK,,,
2024-01-02T00:02:00+00:00,C,A,B,wind_speed_mps,idw,3,3.0,2.9999999999999996,DIAGNOSTIC_UNGUARDED,,,
2024-01-02T00:02:00+00:00,C,A,B,wind_speed_mps,nearest,3,3.0,3.0,DIAGNOSTIC_UNGUARDED,,,
2024-01-02T00:02:00+00:00,C,A,B,wind_speed_mps,node_mean,3,3.0,3.0,DIAGNOSTIC_UNGUARDED,,,
2024-01-02T00:03:00+00:00,A,B,C,temperature_c,prediction,16,15.0,,REFUSED_NETWORK_GEOMETRY,,,NO_CHECKED_BAND
2024-01-02T00:03:00+00:00,A,B,C,temperature_c,two_node_physics,16,15.0,,REFUSED_NETWORK_GEOMETRY,,,
2024-01-02T00:03:00+00:00,A,B,C,temperature_c,idw,16,15.0,15.000000000000002,DIAGNOSTIC_UNGUARDED,,,
2024-01-02T00:03:00+00:00,A,B,C,temperature_c,nearest,16,15.0,15.0,DIAGNOSTIC_UNGUARDED,,,
2024-01-02T00:03:00+00:00,A,B,C,temperature_c,node_mean,16,15.0,15.0,DIAGNOSTIC_UNGUARDED,,,
2024-01-02T00:03:00+00:00,A,B,C,relative_humidity_pct,prediction,61,60.0,,REFUSED_NETWORK_GEOMETRY,,,NO_CHECKED_BAND
2024-01-02T00:03:00+00:00,A,B,C,relative_humidity_pct,two_node_physics,61,60.0,,REFUSED_NETWORK_GEOMETRY,,,
2024-01-02T00:03:00+00:00,A,B,C,relative_humidity_pct,idw,61,60.0,60.00000000000001,DIAGNOSTIC_UNGUARDED,,,
2024-01-02T00:03:00+00:00,A,B,C,relative_humidity_pct,nearest,61,60.0,60.0,DIAGNOSTIC_UNGUARDED,,,
2024-01-02T00:03:00+00:00,A,B,C,relative_humidity_pct,node_mean,61,60.0,60.0,DIAGNOSTIC_UNGUARDED,,,
2024-01-02T00:03:00+00:00,A,B,C,pressure_hpa,prediction,941,940.0,,REFUSED_NETWORK_GEOMETRY,,,NO_CHECKED_BAND
2024-01-02T00:03:00+00:00,A,B,C,pressure_hpa,two_node_physics,941,940.0,,REFUSED_NETWORK_GEOMETRY,,,
2024-01-02T00:03:00+00:00,A,B,C,pressure_hpa,idw,941,940.0,940.0,DIAGNOSTIC_UNGUARDED,,,
2024-01-02T00:03:00+00:00,A,B,C,pressure_hpa,nearest,941,940.0,940.0,DIAGNOSTIC_UNGUARDED,,,
2024-01-02T00:03:00+00:00,A,B,C,pressure_hpa,node_mean,941,940.0,940.0,DIAGNOSTIC_UNGUARDED,,,
2024-01-02T00:03:00+00:00,A,B,C,wind_speed_mps,prediction,4,3.0,,REFUSED_NETWORK_GEOMETRY,,,NO_CHECKED_BAND
2024-01-02T00:03:00+00:00,A,B,C,wind_speed_mps,two_node_physics,4,3.0,,REFUSED_NETWORK_GEOMETRY,,,
2024-01-02T00:03:00+00:00,A,B,C,wind_speed_mps,idw,4,3.0,3.0,DIAGNOSTIC_UNGUARDED,,,
2024-01-02T00:03:00+00:00,A,B,C,wind_speed_mps,nearest,4,3.0,3.0,DIAGNOSTIC_UNGUARDED,,,
2024-01-02T00:03:00+00:00,A,B,C,wind_speed_mps,node_mean,4,3.0,3.0,DIAGNOSTIC_UNGUARDED,,,
2024-01-02T00:03:00+00:00,B,A,C,temperature_c,prediction,13,15.0,,REFUSED_NETWORK_GEOMETRY,,,NO_CHECKED_BAND
2024-01-02T00:03:00+00:00,B,A,C,temperature_c,two_node_physics,13,15.0,,REFUSED_NETWORK_GEOMETRY,,,
2024-01-02T00:03:00+00:00,B,A,C,temperature_c,idw,13,15.0,15.0,DIAGNOSTIC_UNGUARDED,,,
2024-01-02T00:03:00+00:00,B,A,C,temperature_c,nearest,13,15.0,15.0,DIAGNOSTIC_UNGUARDED,,,
2024-01-02T00:03:00+00:00,B,A,C,temperature_c,node_mean,13,15.0,15.0,DIAGNOSTIC_UNGUARDED,,,
2024-01-02T00:03:00+00:00,B,A,C,relative_humidity_pct,prediction,58,60.0,,REFUSED_NETWORK_GEOMETRY,,,NO_CHECKED_BAND
2024-01-02T00:03:00+00:00,B,A,C,relative_humidity_pct,two_node_physics,58,60.0,,REFUSED_NETWORK_GEOMETRY,,,
2024-01-02T00:03:00+00:00,B,A,C,relative_humidity_pct,idw,58,60.0,60.0,DIAGNOSTIC_UNGUARDED,,,
2024-01-02T00:03:00+00:00,B,A,C,relative_humidity_pct,nearest,58,60.0,60.0,DIAGNOSTIC_UNGUARDED,,,
2024-01-02T00:03:00+00:00,B,A,C,relative_humidity_pct,node_mean,58,60.0,60.0,DIAGNOSTIC_UNGUARDED,,,
2024-01-02T00:03:00+00:00,B,A,C,pressure_hpa,prediction,938,940.0,,REFUSED_NETWORK_GEOMETRY,,,NO_CHECKED_BAND
2024-01-02T00:03:00+00:00,B,A,C,pressure_hpa,two_node_physics,938,940.0,,REFUSED_NETWORK_GEOMETRY,,,
2024-01-02T00:03:00+00:00,B,A,C,pressure_hpa,idw,938,940.0,940.0000000000001,DIAGNOSTIC_UNGUARDED,,,
2024-01-02T00:03:00+00:00,B,A,C,pressure_hpa,nearest,938,940.0,940.0,DIAGNOSTIC_UNGUARDED,,,
2024-01-02T00:03:00+00:00,B,A,C,pressure_hpa,node_mean,938,940.0,940.0,DIAGNOSTIC_UNGUARDED,,,
2024-01-02T00:03:00+00:00,B,A,C,wind_speed_mps,prediction,1,3.0,,REFUSED_NETWORK_GEOMETRY,,,NO_CHECKED_BAND
2024-01-02T00:03:00+00:00,B,A,C,wind_speed_mps,two_node_physics,1,3.0,,REFUSED_NETWORK_GEOMETRY,,,
2024-01-02T00:03:00+00:00,B,A,C,wind_speed_mps,idw,1,3.0,3.0000000000000004,DIAGNOSTIC_UNGUARDED,,,
2024-01-02T00:03:00+00:00,B,A,C,wind_speed_mps,nearest,1,3.0,3.0,DIAGNOSTIC_UNGUARDED,,,
2024-01-02T00:03:00+00:00,B,A,C,wind_speed_mps,node_mean,1,3.0,3.0,DIAGNOSTIC_UNGUARDED,,,
2024-01-02T00:03:00+00:00,C,A,B,temperature_c,prediction,15,15.0,14.999999999999995,PHYSICS_FALLBACK,,,NO_CHECKED_BAND
2024-01-02T00:03:00+00:00,C,A,B,temperature_c,two_node_physics,15,15.0,14.999999999999995,PHYSICS_FALLBACK,,,
2024-01-02T00:03:00+00:00,C,A,B,temperature_c,idw,15,15.0,14.999999999999998,DIAGNOSTIC_UNGUARDED,,,
2024-01-02T00:03:00+00:00,C,A,B,temperature_c,nearest,15,15.0,15.0,DIAGNOSTIC_UNGUARDED,,,
2024-01-02T00:03:00+00:00,C,A,B,temperature_c,node_mean,15,15.0,15.0,DIAGNOSTIC_UNGUARDED,,,
2024-01-02T00:03:00+00:00,C,A,B,relative_humidity_pct,prediction,60,60.0,60.00000000000001,PHYSICS_FALLBACK,,,NO_CHECKED_BAND
2024-01-02T00:03:00+00:00,C,A,B,relative_humidity_pct,two_node_physics,60,60.0,60.00000000000001,PHYSICS_FALLBACK,,,
2024-01-02T00:03:00+00:00,C,A,B,relative_humidity_pct,idw,60,60.0,59.99999999999999,DIAGNOSTIC_UNGUARDED,,,
2024-01-02T00:03:00+00:00,C,A,B,relative_humidity_pct,nearest,60,60.0,60.0,DIAGNOSTIC_UNGUARDED,,,
2024-01-02T00:03:00+00:00,C,A,B,relative_humidity_pct,node_mean,60,60.0,60.0,DIAGNOSTIC_UNGUARDED,,,
2024-01-02T00:03:00+00:00,C,A,B,pressure_hpa,prediction,940,940.0,939.9999999983145,PHYSICS_FALLBACK,,,NO_CHECKED_BAND
2024-01-02T00:03:00+00:00,C,A,B,pressure_hpa,two_node_physics,940,940.0,939.9999999983145,PHYSICS_FALLBACK,,,
2024-01-02T00:03:00+00:00,C,A,B,pressure_hpa,idw,940,940.0,939.9999999999998,DIAGNOSTIC_UNGUARDED,,,
2024-01-02T00:03:00+00:00,C,A,B,pressure_hpa,nearest,940,940.0,940.0,DIAGNOSTIC_UNGUARDED,,,
2024-01-02T00:03:00+00:00,C,A,B,pressure_hpa,node_mean,940,940.0,940.0,DIAGNOSTIC_UNGUARDED,,,
2024-01-02T00:03:00+00:00,C,A,B,wind_speed_mps,prediction,3,3.0,2.9999999999999996,PHYSICS_FALLBACK,,,NO_CHECKED_BAND
2024-01-02T00:03:00+00:00,C,A,B,wind_speed_mps,two_node_physics,3,3.0,2.9999999999999996,PHYSICS_FALLBACK,,,
2024-01-02T00:03:00+00:00,C,A,B,wind_speed_mps,idw,3,3.0,2.9999999999999996,DIAGNOSTIC_UNGUARDED,,,
2024-01-02T00:03:00+00:00,C,A,B,wind_speed_mps,nearest,3,3.0,3.0,DIAGNOSTIC_UNGUARDED,,,
2024-01-02T00:03:00+00:00,C,A,B,wind_speed_mps,node_mean,3,3.0,3.0,DIAGNOSTIC_UNGUARDED,,,
2024-01-02T00:04:00+00:00,A,B,C,temperature_c,prediction,16,15.0,,REFUSED_NETWORK_GEOMETRY,,,NO_CHECKED_BAND
2024-01-02T00:04:00+00:00,A,B,C,temperature_c,two_node_physics,16,15.0,,REFUSED_NETWORK_GEOMETRY,,,
2024-01-02T00:04:00+00:00,A,B,C,temperature_c,idw,16,15.0,15.000000000000002,DIAGNOSTIC_UNGUARDED,,,
2024-01-02T00:04:00+00:00,A,B,C,temperature_c,nearest,16,15.0,15.0,DIAGNOSTIC_UNGUARDED,,,
2024-01-02T00:04:00+00:00,A,B,C,temperature_c,node_mean,16,15.0,15.0,DIAGNOSTIC_UNGUARDED,,,
2024-01-02T00:04:00+00:00,A,B,C,relative_humidity_pct,prediction,61,60.0,,REFUSED_NETWORK_GEOMETRY,,,NO_CHECKED_BAND
2024-01-02T00:04:00+00:00,A,B,C,relative_humidity_pct,two_node_physics,61,60.0,,REFUSED_NETWORK_GEOMETRY,,,
2024-01-02T00:04:00+00:00,A,B,C,relative_humidity_pct,idw,61,60.0,60.00000000000001,DIAGNOSTIC_UNGUARDED,,,
2024-01-02T00:04:00+00:00,A,B,C,relative_humidity_pct,nearest,61,60.0,60.0,DIAGNOSTIC_UNGUARDED,,,
2024-01-02T00:04:00+00:00,A,B,C,relative_humidity_pct,node_mean,61,60.0,60.0,DIAGNOSTIC_UNGUARDED,,,
2024-01-02T00:04:00+00:00,A,B,C,pressure_hpa,prediction,941,940.0,,REFUSED_NETWORK_GEOMETRY,,,NO_CHECKED_BAND
2024-01-02T00:04:00+00:00,A,B,C,pressure_hpa,two_node_physics,941,940.0,,REFUSED_NETWORK_GEOMETRY,,,
2024-01-02T00:04:00+00:00,A,B,C,pressure_hpa,idw,941,940.0,940.0,DIAGNOSTIC_UNGUARDED,,,
2024-01-02T00:04:00+00:00,A,B,C,pressure_hpa,nearest,941,940.0,940.0,DIAGNOSTIC_UNGUARDED,,,
2024-01-02T00:04:00+00:00,A,B,C,pressure_hpa,node_mean,941,940.0,940.0,DIAGNOSTIC_UNGUARDED,,,
2024-01-02T00:04:00+00:00,A,B,C,wind_speed_mps,prediction,4,3.0,,REFUSED_NETWORK_GEOMETRY,,,NO_CHECKED_BAND
2024-01-02T00:04:00+00:00,A,B,C,wind_speed_mps,two_node_physics,4,3.0,,REFUSED_NETWORK_GEOMETRY,,,
2024-01-02T00:04:00+00:00,A,B,C,wind_speed_mps,idw,4,3.0,3.0,DIAGNOSTIC_UNGUARDED,,,
2024-01-02T00:04:00+00:00,A,B,C,wind_speed_mps,nearest,4,3.0,3.0,DIAGNOSTIC_UNGUARDED,,,
2024-01-02T00:04:00+00:00,A,B,C,wind_speed_mps,node_mean,4,3.0,3.0,DIAGNOSTIC_UNGUARDED,,,
2024-01-02T00:04:00+00:00,B,A,C,temperature_c,prediction,13,15.0,,REFUSED_NETWORK_GEOMETRY,,,NO_CHECKED_BAND
2024-01-02T00:04:00+00:00,B,A,C,temperature_c,two_node_physics,13,15.0,,REFUSED_NETWORK_GEOMETRY,,,
2024-01-02T00:04:00+00:00,B,A,C,temperature_c,idw,13,15.0,15.0,DIAGNOSTIC_UNGUARDED,,,
2024-01-02T00:04:00+00:00,B,A,C,temperature_c,nearest,13,15.0,15.0,DIAGNOSTIC_UNGUARDED,,,
2024-01-02T00:04:00+00:00,B,A,C,temperature_c,node_mean,13,15.0,15.0,DIAGNOSTIC_UNGUARDED,,,
2024-01-02T00:04:00+00:00,B,A,C,relative_humidity_pct,prediction,58,60.0,,REFUSED_NETWORK_GEOMETRY,,,NO_CHECKED_BAND
2024-01-02T00:04:00+00:00,B,A,C,relative_humidity_pct,two_node_physics,58,60.0,,REFUSED_NETWORK_GEOMETRY,,,
2024-01-02T00:04:00+00:00,B,A,C,relative_humidity_pct,idw,58,60.0,60.0,DIAGNOSTIC_UNGUARDED,,,
2024-01-02T00:04:00+00:00,B,A,C,relative_humidity_pct,nearest,58,60.0,60.0,DIAGNOSTIC_UNGUARDED,,,
2024-01-02T00:04:00+00:00,B,A,C,relative_humidity_pct,node_mean,58,60.0,60.0,DIAGNOSTIC_UNGUARDED,,,
2024-01-02T00:04:00+00:00,B,A,C,pressure_hpa,prediction,938,940.0,,REFUSED_NETWORK_GEOMETRY,,,NO_CHECKED_BAND
2024-01-02T00:04:00+00:00,B,A,C,pressure_hpa,two_node_physics,938,940.0,,REFUSED_NETWORK_GEOMETRY,,,
2024-01-02T00:04:00+00:00,B,A,C,pressure_hpa,idw,938,940.0,940.0000000000001,DIAGNOSTIC_UNGUARDED,,,
2024-01-02T00:04:00+00:00,B,A,C,pressure_hpa,nearest,938,940.0,940.0,DIAGNOSTIC_UNGUARDED,,,
2024-01-02T00:04:00+00:00,B,A,C,pressure_hpa,node_mean,938,940.0,940.0,DIAGNOSTIC_UNGUARDED,,,
2024-01-02T00:04:00+00:00,B,A,C,wind_speed_mps,prediction,1,3.0,,REFUSED_NETWORK_GEOMETRY,,,NO_CHECKED_BAND
2024-01-02T00:04:00+00:00,B,A,C,wind_speed_mps,two_node_physics,1,3.0,,REFUSED_NETWORK_GEOMETRY,,,
2024-01-02T00:04:00+00:00,B,A,C,wind_speed_mps,idw,1,3.0,3.0000000000000004,DIAGNOSTIC_UNGUARDED,,,
2024-01-02T00:04:00+00:00,B,A,C,wind_speed_mps,nearest,1,3.0,3.0,DIAGNOSTIC_UNGUARDED,,,
2024-01-02T00:04:00+00:00,B,A,C,wind_speed_mps,node_mean,1,3.0,3.0,DIAGNOSTIC_UNGUARDED,,,
2024-01-02T00:04:00+00:00,C,A,B,temperature_c,prediction,15,15.0,14.999999999999995,PHYSICS_FALLBACK,,,NO_CHECKED_BAND
2024-01-02T00:04:00+00:00,C,A,B,temperature_c,two_node_physics,15,15.0,14.999999999999995,PHYSICS_FALLBACK,,,
2024-01-02T00:04:00+00:00,C,A,B,temperature_c,idw,15,15.0,14.999999999999998,DIAGNOSTIC_UNGUARDED,,,
2024-01-02T00:04:00+00:00,C,A,B,temperature_c,nearest,15,15.0,15.0,DIAGNOSTIC_UNGUARDED,,,
2024-01-02T00:04:00+00:00,C,A,B,temperature_c,node_mean,15,15.0,15.0,DIAGNOSTIC_UNGUARDED,,,
2024-01-02T00:04:00+00:00,C,A,B,relative_humidity_pct,prediction,60,60.0,60.00000000000001,PHYSICS_FALLBACK,,,NO_CHECKED_BAND
2024-01-02T00:04:00+00:00,C,A,B,relative_humidity_pct,two_node_physics,60,60.0,60.00000000000001,PHYSICS_FALLBACK,,,
2024-01-02T00:04:00+00:00,C,A,B,relative_humidity_pct,idw,60,60.0,59.99999999999999,DIAGNOSTIC_UNGUARDED,,,
2024-01-02T00:04:00+00:00,C,A,B,relative_humidity_pct,nearest,60,60.0,60.0,DIAGNOSTIC_UNGUARDED,,,
2024-01-02T00:04:00+00:00,C,A,B,relative_humidity_pct,node_mean,60,60.0,60.0,DIAGNOSTIC_UNGUARDED,,,
2024-01-02T00:04:00+00:00,C,A,B,pressure_hpa,prediction,940,940.0,939.9999999983145,PHYSICS_FALLBACK,,,NO_CHECKED_BAND
2024-01-02T00:04:00+00:00,C,A,B,pressure_hpa,two_node_physics,940,940.0,939.9999999983145,PHYSICS_FALLBACK,,,
2024-01-02T00:04:00+00:00,C,A,B,pressure_hpa,idw,940,940.0,939.9999999999998,DIAGNOSTIC_UNGUARDED,,,
2024-01-02T00:04:00+00:00,C,A,B,pressure_hpa,nearest,940,940.0,940.0,DIAGNOSTIC_UNGUARDED,,,
2024-01-02T00:04:00+00:00,C,A,B,pressure_hpa,node_mean,940,940.0,940.0,DIAGNOSTIC_UNGUARDED,,,
2024-01-02T00:04:00+00:00,C,A,B,wind_speed_mps,prediction,3,3.0,2.9999999999999996,PHYSICS_FALLBACK,,,NO_CHECKED_BAND
2024-01-02T00:04:00+00:00,C,A,B,wind_speed_mps,two_node_physics,3,3.0,2.9999999999999996,PHYSICS_FALLBACK,,,
2024-01-02T00:04:00+00:00,C,A,B,wind_speed_mps,idw,3,3.0,2.9999999999999996,DIAGNOSTIC_UNGUARDED,,,
2024-01-02T00:04:00+00:00,C,A,B,wind_speed_mps,nearest,3,3.0,3.0,DIAGNOSTIC_UNGUARDED,,,
2024-01-02T00:04:00+00:00,C,A,B,wind_speed_mps,node_mean,3,3.0,3.0,DIAGNOSTIC_UNGUARDED,,,
2024-01-02T00:05:00+00:00,A,B,C,temperature_c,prediction,16,15.0,,REFUSED_NETWORK_GEOMETRY,,,NO_CHECKED_BAND
2024-01-02T00:05:00+00:00,A,B,C,temperature_c,two_node_physics,16,15.0,,REFUSED_NETWORK_GEOMETRY,,,
2024-01-02T00:05:00+00:00,A,B,C,temperature_c,idw,16,15.0,15.000000000000002,DIAGNOSTIC_UNGUARDED,,,
2024-01-02T00:05:00+00:00,A,B,C,temperature_c,nearest,16,15.0,15.0,DIAGNOSTIC_UNGUARDED,,,
2024-01-02T00:05:00+00:00,A,B,C,temperature_c,node_mean,16,15.0,15.0,DIAGNOSTIC_UNGUARDED,,,
2024-01-02T00:05:00+00:00,A,B,C,relative_humidity_pct,prediction,61,60.0,,REFUSED_NETWORK_GEOMETRY,,,NO_CHECKED_BAND
2024-01-02T00:05:00+00:00,A,B,C,relative_humidity_pct,two_node_physics,61,60.0,,REFUSED_NETWORK_GEOMETRY,,,
2024-01-02T00:05:00+00:00,A,B,C,relative_humidity_pct,idw,61,60.0,60.00000000000001,DIAGNOSTIC_UNGUARDED,,,
2024-01-02T00:05:00+00:00,A,B,C,relative_humidity_pct,nearest,61,60.0,60.0,DIAGNOSTIC_UNGUARDED,,,
2024-01-02T00:05:00+00:00,A,B,C,relative_humidity_pct,node_mean,61,60.0,60.0,DIAGNOSTIC_UNGUARDED,,,
2024-01-02T00:05:00+00:00,A,B,C,pressure_hpa,prediction,941,940.0,,REFUSED_NETWORK_GEOMETRY,,,NO_CHECKED_BAND
2024-01-02T00:05:00+00:00,A,B,C,pressure_hpa,two_node_physics,941,940.0,,REFUSED_NETWORK_GEOMETRY,,,
2024-01-02T00:05:00+00:00,A,B,C,pressure_hpa,idw,941,940.0,940.0,DIAGNOSTIC_UNGUARDED,,,
2024-01-02T00:05:00+00:00,A,B,C,pressure_hpa,nearest,941,940.0,940.0,DIAGNOSTIC_UNGUARDED,,,
2024-01-02T00:05:00+00:00,A,B,C,pressure_hpa,node_mean,941,940.0,940.0,DIAGNOSTIC_UNGUARDED,,,
2024-01-02T00:05:00+00:00,A,B,C,wind_speed_mps,prediction,4,3.0,,REFUSED_NETWORK_GEOMETRY,,,NO_CHECKED_BAND
2024-01-02T00:05:00+00:00,A,B,C,wind_speed_mps,two_node_physics,4,3.0,,REFUSED_NETWORK_GEOMETRY,,,
2024-01-02T00:05:00+00:00,A,B,C,wind_speed_mps,idw,4,3.0,3.0,DIAGNOSTIC_UNGUARDED,,,
2024-01-02T00:05:00+00:00,A,B,C,wind_speed_mps,nearest,4,3.0,3.0,DIAGNOSTIC_UNGUARDED,,,
2024-01-02T00:05:00+00:00,A,B,C,wind_speed_mps,node_mean,4,3.0,3.0,DIAGNOSTIC_UNGUARDED,,,
2024-01-02T00:05:00+00:00,B,A,C,temperature_c,prediction,13,15.0,,REFUSED_NETWORK_GEOMETRY,,,NO_CHECKED_BAND
2024-01-02T00:05:00+00:00,B,A,C,temperature_c,two_node_physics,13,15.0,,REFUSED_NETWORK_GEOMETRY,,,
2024-01-02T00:05:00+00:00,B,A,C,temperature_c,idw,13,15.0,15.0,DIAGNOSTIC_UNGUARDED,,,
2024-01-02T00:05:00+00:00,B,A,C,temperature_c,nearest,13,15.0,15.0,DIAGNOSTIC_UNGUARDED,,,
2024-01-02T00:05:00+00:00,B,A,C,temperature_c,node_mean,13,15.0,15.0,DIAGNOSTIC_UNGUARDED,,,
2024-01-02T00:05:00+00:00,B,A,C,relative_humidity_pct,prediction,58,60.0,,REFUSED_NETWORK_GEOMETRY,,,NO_CHECKED_BAND
2024-01-02T00:05:00+00:00,B,A,C,relative_humidity_pct,two_node_physics,58,60.0,,REFUSED_NETWORK_GEOMETRY,,,
2024-01-02T00:05:00+00:00,B,A,C,relative_humidity_pct,idw,58,60.0,60.0,DIAGNOSTIC_UNGUARDED,,,
2024-01-02T00:05:00+00:00,B,A,C,relative_humidity_pct,nearest,58,60.0,60.0,DIAGNOSTIC_UNGUARDED,,,
2024-01-02T00:05:00+00:00,B,A,C,relative_humidity_pct,node_mean,58,60.0,60.0,DIAGNOSTIC_UNGUARDED,,,
2024-01-02T00:05:00+00:00,B,A,C,pressure_hpa,prediction,938,940.0,,REFUSED_NETWORK_GEOMETRY,,,NO_CHECKED_BAND
2024-01-02T00:05:00+00:00,B,A,C,pressure_hpa,two_node_physics,938,940.0,,REFUSED_NETWORK_GEOMETRY,,,
2024-01-02T00:05:00+00:00,B,A,C,pressure_hpa,idw,938,940.0,940.0000000000001,DIAGNOSTIC_UNGUARDED,,,
2024-01-02T00:05:00+00:00,B,A,C,pressure_hpa,nearest,938,940.0,940.0,DIAGNOSTIC_UNGUARDED,,,
2024-01-02T00:05:00+00:00,B,A,C,pressure_hpa,node_mean,938,940.0,940.0,DIAGNOSTIC_UNGUARDED,,,
2024-01-02T00:05:00+00:00,B,A,C,wind_speed_mps,prediction,1,3.0,,REFUSED_NETWORK_GEOMETRY,,,NO_CHECKED_BAND
2024-01-02T00:05:00+00:00,B,A,C,wind_speed_mps,two_node_physics,1,3.0,,REFUSED_NETWORK_GEOMETRY,,,
2024-01-02T00:05:00+00:00,B,A,C,wind_speed_mps,idw,1,3.0,3.0000000000000004,DIAGNOSTIC_UNGUARDED,,,
2024-01-02T00:05:00+00:00,B,A,C,wind_speed_mps,nearest,1,3.0,3.0,DIAGNOSTIC_UNGUARDED,,,
2024-01-02T00:05:00+00:00,B,A,C,wind_speed_mps,node_mean,1,3.0,3.0,DIAGNOSTIC_UNGUARDED,,,
2024-01-02T00:05:00+00:00,C,A,B,temperature_c,prediction,15,15.0,14.999999999999995,PHYSICS_FALLBACK,,,NO_CHECKED_BAND
2024-01-02T00:05:00+00:00,C,A,B,temperature_c,two_node_physics,15,15.0,14.999999999999995,PHYSICS_FALLBACK,,,
2024-01-02T00:05:00+00:00,C,A,B,temperature_c,idw,15,15.0,14.999999999999998,DIAGNOSTIC_UNGUARDED,,,
2024-01-02T00:05:00+00:00,C,A,B,temperature_c,nearest,15,15.0,15.0,DIAGNOSTIC_UNGUARDED,,,
2024-01-02T00:05:00+00:00,C,A,B,temperature_c,node_mean,15,15.0,15.0,DIAGNOSTIC_UNGUARDED,,,
2024-01-02T00:05:00+00:00,C,A,B,relative_humidity_pct,prediction,60,60.0,60.00000000000001,PHYSICS_FALLBACK,,,NO_CHECKED_BAND
2024-01-02T00:05:00+00:00,C,A,B,relative_humidity_pct,two_node_physics,60,60.0,60.00000000000001,PHYSICS_FALLBACK,,,
2024-01-02T00:05:00+00:00,C,A,B,relative_humidity_pct,idw,60,60.0,59.99999999999999,DIAGNOSTIC_UNGUARDED,,,
2024-01-02T00:05:00+00:00,C,A,B,relative_humidity_pct,nearest,60,60.0,60.0,DIAGNOSTIC_UNGUARDED,,,
2024-01-02T00:05:00+00:00,C,A,B,relative_humidity_pct,node_mean,60,60.0,60.0,DIAGNOSTIC_UNGUARDED,,,
2024-01-02T00:05:00+00:00,C,A,B,pressure_hpa,prediction,940,940.0,939.9999999983145,PHYSICS_FALLBACK,,,NO_CHECKED_BAND
2024-01-02T00:05:00+00:00,C,A,B,pressure_hpa,two_node_physics,940,940.0,939.9999999983145,PHYSICS_FALLBACK,,,
2024-01-02T00:05:00+00:00,C,A,B,pressure_hpa,idw,940,940.0,939.9999999999998,DIAGNOSTIC_UNGUARDED,,,
2024-01-02T00:05:00+00:00,C,A,B,pressure_hpa,nearest,940,940.0,940.0,DIAGNOSTIC_UNGUARDED,,,
2024-01-02T00:05:00+00:00,C,A,B,pressure_hpa,node_mean,940,940.0,940.0,DIAGNOSTIC_UNGUARDED,,,
2024-01-02T00:05:00+00:00,C,A,B,wind_speed_mps,prediction,3,3.0,2.9999999999999996,PHYSICS_FALLBACK,,,NO_CHECKED_BAND
2024-01-02T00:05:00+00:00,C,A,B,wind_speed_mps,two_node_physics,3,3.0,2.9999999999999996,PHYSICS_FALLBACK,,,
2024-01-02T00:05:00+00:00,C,A,B,wind_speed_mps,idw,3,3.0,2.9999999999999996,DIAGNOSTIC_UNGUARDED,,,
2024-01-02T00:05:00+00:00,C,A,B,wind_speed_mps,nearest,3,3.0,3.0,DIAGNOSTIC_UNGUARDED,,,
2024-01-02T00:05:00+00:00,C,A,B,wind_speed_mps,node_mean,3,3.0,3.0,DIAGNOSTIC_UNGUARDED,,,
2024-01-02T00:06:00+00:00,A,B,C,temperature_c,prediction,16,15.0,,REFUSED_NETWORK_GEOMETRY,,,NO_CHECKED_BAND
2024-01-02T00:06:00+00:00,A,B,C,temperature_c,two_node_physics,16,15.0,,REFUSED_NETWORK_GEOMETRY,,,
2024-01-02T00:06:00+00:00,A,B,C,temperature_c,idw,16,15.0,15.000000000000002,DIAGNOSTIC_UNGUARDED,,,
2024-01-02T00:06:00+00:00,A,B,C,temperature_c,nearest,16,15.0,15.0,DIAGNOSTIC_UNGUARDED,,,
2024-01-02T00:06:00+00:00,A,B,C,temperature_c,node_mean,16,15.0,15.0,DIAGNOSTIC_UNGUARDED,,,
2024-01-02T00:06:00+00:00,A,B,C,relative_humidity_pct,prediction,61,60.0,,REFUSED_NETWORK_GEOMETRY,,,NO_CHECKED_BAND
2024-01-02T00:06:00+00:00,A,B,C,relative_humidity_pct,two_node_physics,61,60.0,,REFUSED_NETWORK_GEOMETRY,,,
2024-01-02T00:06:00+00:00,A,B,C,relative_humidity_pct,idw,61,60.0,60.00000000000001,DIAGNOSTIC_UNGUARDED,,,
2024-01-02T00:06:00+00:00,A,B,C,relative_humidity_pct,nearest,61,60.0,60.0,DIAGNOSTIC_UNGUARDED,,,
2024-01-02T00:06:00+00:00,A,B,C,relative_humidity_pct,node_mean,61,60.0,60.0,DIAGNOSTIC_UNGUARDED,,,
2024-01-02T00:06:00+00:00,A,B,C,pressure_hpa,prediction,941,940.0,,REFUSED_NETWORK_GEOMETRY,,,NO_CHECKED_BAND
2024-01-02T00:06:00+00:00,A,B,C,pressure_hpa,two_node_physics,941,940.0,,REFUSED_NETWORK_GEOMETRY,,,
2024-01-02T00:06:00+00:00,A,B,C,pressure_hpa,idw,941,940.0,940.0,DIAGNOSTIC_UNGUARDED,,,
2024-01-02T00:06:00+00:00,A,B,C,pressure_hpa,nearest,941,940.0,940.0,DIAGNOSTIC_UNGUARDED,,,
2024-01-02T00:06:00+00:00,A,B,C,pressure_hpa,node_mean,941,940.0,940.0,DIAGNOSTIC_UNGUARDED,,,
2024-01-02T00:06:00+00:00,A,B,C,wind_speed_mps,prediction,4,3.0,,REFUSED_NETWORK_GEOMETRY,,,NO_CHECKED_BAND
2024-01-02T00:06:00+00:00,A,B,C,wind_speed_mps,two_node_physics,4,3.0,,REFUSED_NETWORK_GEOMETRY,,,
2024-01-02T00:06:00+00:00,A,B,C,wind_speed_mps,idw,4,3.0,3.0,DIAGNOSTIC_UNGUARDED,,,
2024-01-02T00:06:00+00:00,A,B,C,wind_speed_mps,nearest,4,3.0,3.0,DIAGNOSTIC_UNGUARDED,,,
2024-01-02T00:06:00+00:00,A,B,C,wind_speed_mps,node_mean,4,3.0,3.0,DIAGNOSTIC_UNGUARDED,,,
2024-01-02T00:06:00+00:00,B,A,C,temperature_c,prediction,13,15.0,,REFUSED_NETWORK_GEOMETRY,,,NO_CHECKED_BAND
2024-01-02T00:06:00+00:00,B,A,C,temperature_c,two_node_physics,13,15.0,,REFUSED_NETWORK_GEOMETRY,,,
2024-01-02T00:06:00+00:00,B,A,C,temperature_c,idw,13,15.0,15.0,DIAGNOSTIC_UNGUARDED,,,
2024-01-02T00:06:00+00:00,B,A,C,temperature_c,nearest,13,15.0,15.0,DIAGNOSTIC_UNGUARDED,,,
2024-01-02T00:06:00+00:00,B,A,C,temperature_c,node_mean,13,15.0,15.0,DIAGNOSTIC_UNGUARDED,,,
2024-01-02T00:06:00+00:00,B,A,C,relative_humidity_pct,prediction,58,60.0,,REFUSED_NETWORK_GEOMETRY,,,NO_CHECKED_BAND
2024-01-02T00:06:00+00:00,B,A,C,relative_humidity_pct,two_node_physics,58,60.0,,REFUSED_NETWORK_GEOMETRY,,,
2024-01-02T00:06:00+00:00,B,A,C,relative_humidity_pct,idw,58,60.0,60.0,DIAGNOSTIC_UNGUARDED,,,
2024-01-02T00:06:00+00:00,B,A,C,relative_humidity_pct,nearest,58,60.0,60.0,DIAGNOSTIC_UNGUARDED,,,
2024-01-02T00:06:00+00:00,B,A,C,relative_humidity_pct,node_mean,58,60.0,60.0,DIAGNOSTIC_UNGUARDED,,,
2024-01-02T00:06:00+00:00,B,A,C,pressure_hpa,prediction,938,940.0,,REFUSED_NETWORK_GEOMETRY,,,NO_CHECKED_BAND
2024-01-02T00:06:00+00:00,B,A,C,pressure_hpa,two_node_physics,938,940.0,,REFUSED_NETWORK_GEOMETRY,,,
2024-01-02T00:06:00+00:00,B,A,C,pressure_hpa,idw,938,940.0,940.0000000000001,DIAGNOSTIC_UNGUARDED,,,
2024-01-02T00:06:00+00:00,B,A,C,pressure_hpa,nearest,938,940.0,940.0,DIAGNOSTIC_UNGUARDED,,,
2024-01-02T00:06:00+00:00,B,A,C,pressure_hpa,node_mean,938,940.0,940.0,DIAGNOSTIC_UNGUARDED,,,
2024-01-02T00:06:00+00:00,B,A,C,wind_speed_mps,prediction,1,3.0,,REFUSED_NETWORK_GEOMETRY,,,NO_CHECKED_BAND
2024-01-02T00:06:00+00:00,B,A,C,wind_speed_mps,two_node_physics,1,3.0,,REFUSED_NETWORK_GEOMETRY,,,
2024-01-02T00:06:00+00:00,B,A,C,wind_speed_mps,idw,1,3.0,3.0000000000000004,DIAGNOSTIC_UNGUARDED,,,
2024-01-02T00:06:00+00:00,B,A,C,wind_speed_mps,nearest,1,3.0,3.0,DIAGNOSTIC_UNGUARDED,,,
2024-01-02T00:06:00+00:00,B,A,C,wind_speed_mps,node_mean,1,3.0,3.0,DIAGNOSTIC_UNGUARDED,,,
2024-01-02T00:06:00+00:00,C,A,B,temperature_c,prediction,15,15.0,14.999999999999995,PHYSICS_FALLBACK,,,NO_CHECKED_BAND
2024-01-02T00:06:00+00:00,C,A,B,temperature_c,two_node_physics,15,15.0,14.999999999999995,PHYSICS_FALLBACK,,,
2024-01-02T00:06:00+00:00,C,A,B,temperature_c,idw,15,15.0,14.999999999999998,DIAGNOSTIC_UNGUARDED,,,
2024-01-02T00:06:00+00:00,C,A,B,temperature_c,nearest,15,15.0,15.0,DIAGNOSTIC_UNGUARDED,,,
2024-01-02T00:06:00+00:00,C,A,B,temperature_c,node_mean,15,15.0,15.0,DIAGNOSTIC_UNGUARDED,,,
2024-01-02T00:06:00+00:00,C,A,B,relative_humidity_pct,prediction,60,60.0,60.00000000000001,PHYSICS_FALLBACK,,,NO_CHECKED_BAND
2024-01-02T00:06:00+00:00,C,A,B,relative_humidity_pct,two_node_physics,60,60.0,60.00000000000001,PHYSICS_FALLBACK,,,
2024-01-02T00:06:00+00:00,C,A,B,relative_humidity_pct,idw,60,60.0,59.99999999999999,DIAGNOSTIC_UNGUARDED,,,
2024-01-02T00:06:00+00:00,C,A,B,relative_humidity_pct,nearest,60,60.0,60.0,DIAGNOSTIC_UNGUARDED,,,
2024-01-02T00:06:00+00:00,C,A,B,relative_humidity_pct,node_mean,60,60.0,60.0,DIAGNOSTIC_UNGUARDED,,,
2024-01-02T00:06:00+00:00,C,A,B,pressure_hpa,prediction,940,940.0,939.9999999983145,PHYSICS_FALLBACK,,,NO_CHECKED_BAND
2024-01-02T00:06:00+00:00,C,A,B,pressure_hpa,two_node_physics,940,940.0,939.9999999983145,PHYSICS_FALLBACK,,,
2024-01-02T00:06:00+00:00,C,A,B,pressure_hpa,idw,940,940.0,939.9999999999998,DIAGNOSTIC_UNGUARDED,,,
2024-01-02T00:06:00+00:00,C,A,B,pressure_hpa,nearest,940,940.0,940.0,DIAGNOSTIC_UNGUARDED,,,
2024-01-02T00:06:00+00:00,C,A,B,pressure_hpa,node_mean,940,940.0,940.0,DIAGNOSTIC_UNGUARDED,,,
2024-01-02T00:06:00+00:00,C,A,B,wind_speed_mps,prediction,3,3.0,2.9999999999999996,PHYSICS_FALLBACK,,,NO_CHECKED_BAND
2024-01-02T00:06:00+00:00,C,A,B,wind_speed_mps,two_node_physics,3,3.0,2.9999999999999996,PHYSICS_FALLBACK,,,
2024-01-02T00:06:00+00:00,C,A,B,wind_speed_mps,idw,3,3.0,2.9999999999999996,DIAGNOSTIC_UNGUARDED,,,
2024-01-02T00:06:00+00:00,C,A,B,wind_speed_mps,nearest,3,3.0,3.0,DIAGNOSTIC_UNGUARDED,,,
2024-01-02T00:06:00+00:00,C,A,B,wind_speed_mps,node_mean,3,3.0,3.0,DIAGNOSTIC_UNGUARDED,,,
2024-01-02T00:07:00+00:00,A,B,C,temperature_c,prediction,16,15.0,,REFUSED_NETWORK_GEOMETRY,,,NO_CHECKED_BAND
2024-01-02T00:07:00+00:00,A,B,C,temperature_c,two_node_physics,16,15.0,,REFUSED_NETWORK_GEOMETRY,,,
2024-01-02T00:07:00+00:00,A,B,C,temperature_c,idw,16,15.0,15.000000000000002,DIAGNOSTIC_UNGUARDED,,,
2024-01-02T00:07:00+00:00,A,B,C,temperature_c,nearest,16,15.0,15.0,DIAGNOSTIC_UNGUARDED,,,
2024-01-02T00:07:00+00:00,A,B,C,temperature_c,node_mean,16,15.0,15.0,DIAGNOSTIC_UNGUARDED,,,
2024-01-02T00:07:00+00:00,A,B,C,relative_humidity_pct,prediction,61,60.0,,REFUSED_NETWORK_GEOMETRY,,,NO_CHECKED_BAND
2024-01-02T00:07:00+00:00,A,B,C,relative_humidity_pct,two_node_physics,61,60.0,,REFUSED_NETWORK_GEOMETRY,,,
2024-01-02T00:07:00+00:00,A,B,C,relative_humidity_pct,idw,61,60.0,60.00000000000001,DIAGNOSTIC_UNGUARDED,,,
2024-01-02T00:07:00+00:00,A,B,C,relative_humidity_pct,nearest,61,60.0,60.0,DIAGNOSTIC_UNGUARDED,,,
2024-01-02T00:07:00+00:00,A,B,C,relative_humidity_pct,node_mean,61,60.0,60.0,DIAGNOSTIC_UNGUARDED,,,
2024-01-02T00:07:00+00:00,A,B,C,pressure_hpa,prediction,941,940.0,,REFUSED_NETWORK_GEOMETRY,,,NO_CHECKED_BAND
2024-01-02T00:07:00+00:00,A,B,C,pressure_hpa,two_node_physics,941,940.0,,REFUSED_NETWORK_GEOMETRY,,,
2024-01-02T00:07:00+00:00,A,B,C,pressure_hpa,idw,941,940.0,940.0,DIAGNOSTIC_UNGUARDED,,,
2024-01-02T00:07:00+00:00,A,B,C,pressure_hpa,nearest,941,940.0,940.0,DIAGNOSTIC_UNGUARDED,,,
2024-01-02T00:07:00+00:00,A,B,C,pressure_hpa,node_mean,941,940.0,940.0,DIAGNOSTIC_UNGUARDED,,,
2024-01-02T00:07:00+00:00,A,B,C,wind_speed_mps,prediction,4,3.0,,REFUSED_NETWORK_GEOMETRY,,,NO_CHECKED_BAND
2024-01-02T00:07:00+00:00,A,B,C,wind_speed_mps,two_node_physics,4,3.0,,REFUSED_NETWORK_GEOMETRY,,,
2024-01-02T00:07:00+00:00,A,B,C,wind_speed_mps,idw,4,3.0,3.0,DIAGNOSTIC_UNGUARDED,,,
2024-01-02T00:07:00+00:00,A,B,C,wind_speed_mps,nearest,4,3.0,3.0,DIAGNOSTIC_UNGUARDED,,,
2024-01-02T00:07:00+00:00,A,B,C,wind_speed_mps,node_mean,4,3.0,3.0,DIAGNOSTIC_UNGUARDED,,,
2024-01-02T00:07:00+00:00,B,A,C,temperature_c,prediction,13,15.0,,REFUSED_NETWORK_GEOMETRY,,,NO_CHECKED_BAND
2024-01-02T00:07:00+00:00,B,A,C,temperature_c,two_node_physics,13,15.0,,REFUSED_NETWORK_GEOMETRY,,,
2024-01-02T00:07:00+00:00,B,A,C,temperature_c,idw,13,15.0,15.0,DIAGNOSTIC_UNGUARDED,,,
2024-01-02T00:07:00+00:00,B,A,C,temperature_c,nearest,13,15.0,15.0,DIAGNOSTIC_UNGUARDED,,,
2024-01-02T00:07:00+00:00,B,A,C,temperature_c,node_mean,13,15.0,15.0,DIAGNOSTIC_UNGUARDED,,,
2024-01-02T00:07:00+00:00,B,A,C,relative_humidity_pct,prediction,58,60.0,,REFUSED_NETWORK_GEOMETRY,,,NO_CHECKED_BAND
2024-01-02T00:07:00+00:00,B,A,C,relative_humidity_pct,two_node_physics,58,60.0,,REFUSED_NETWORK_GEOMETRY,,,
2024-01-02T00:07:00+00:00,B,A,C,relative_humidity_pct,idw,58,60.0,60.0,DIAGNOSTIC_UNGUARDED,,,
2024-01-02T00:07:00+00:00,B,A,C,relative_humidity_pct,nearest,58,60.0,60.0,DIAGNOSTIC_UNGUARDED,,,
2024-01-02T00:07:00+00:00,B,A,C,relative_humidity_pct,node_mean,58,60.0,60.0,DIAGNOSTIC_UNGUARDED,,,
2024-01-02T00:07:00+00:00,B,A,C,pressure_hpa,prediction,938,940.0,,REFUSED_NETWORK_GEOMETRY,,,NO_CHECKED_BAND
2024-01-02T00:07:00+00:00,B,A,C,pressure_hpa,two_node_physics,938,940.0,,REFUSED_NETWORK_GEOMETRY,,,
2024-01-02T00:07:00+00:00,B,A,C,pressure_hpa,idw,938,940.0,940.0000000000001,DIAGNOSTIC_UNGUARDED,,,
2024-01-02T00:07:00+00:00,B,A,C,pressure_hpa,nearest,938,940.0,940.0,DIAGNOSTIC_UNGUARDED,,,
2024-01-02T00:07:00+00:00,B,A,C,pressure_hpa,node_mean,938,940.0,940.0,DIAGNOSTIC_UNGUARDED,,,
2024-01-02T00:07:00+00:00,B,A,C,wind_speed_mps,prediction,1,3.0,,REFUSED_NETWORK_GEOMETRY,,,NO_CHECKED_BAND
2024-01-02T00:07:00+00:00,B,A,C,wind_speed_mps,two_node_physics,1,3.0,,REFUSED_NETWORK_GEOMETRY,,,
2024-01-02T00:07:00+00:00,B,A,C,wind_speed_mps,idw,1,3.0,3.0000000000000004,DIAGNOSTIC_UNGUARDED,,,
2024-01-02T00:07:00+00:00,B,A,C,wind_speed_mps,nearest,1,3.0,3.0,DIAGNOSTIC_UNGUARDED,,,
2024-01-02T00:07:00+00:00,B,A,C,wind_speed_mps,node_mean,1,3.0,3.0,DIAGNOSTIC_UNGUARDED,,,
2024-01-02T00:07:00+00:00,C,A,B,temperature_c,prediction,15,15.0,14.999999999999995,PHYSICS_FALLBACK,,,NO_CHECKED_BAND
2024-01-02T00:07:00+00:00,C,A,B,temperature_c,two_node_physics,15,15.0,14.999999999999995,PHYSICS_FALLBACK,,,
2024-01-02T00:07:00+00:00,C,A,B,temperature_c,idw,15,15.0,14.999999999999998,DIAGNOSTIC_UNGUARDED,,,
2024-01-02T00:07:00+00:00,C,A,B,temperature_c,nearest,15,15.0,15.0,DIAGNOSTIC_UNGUARDED,,,
2024-01-02T00:07:00+00:00,C,A,B,temperature_c,node_mean,15,15.0,15.0,DIAGNOSTIC_UNGUARDED,,,
2024-01-02T00:07:00+00:00,C,A,B,relative_humidity_pct,prediction,60,60.0,60.00000000000001,PHYSICS_FALLBACK,,,NO_CHECKED_BAND
2024-01-02T00:07:00+00:00,C,A,B,relative_humidity_pct,two_node_physics,60,60.0,60.00000000000001,PHYSICS_FALLBACK,,,
2024-01-02T00:07:00+00:00,C,A,B,relative_humidity_pct,idw,60,60.0,59.99999999999999,DIAGNOSTIC_UNGUARDED,,,
2024-01-02T00:07:00+00:00,C,A,B,relative_humidity_pct,nearest,60,60.0,60.0,DIAGNOSTIC_UNGUARDED,,,
2024-01-02T00:07:00+00:00,C,A,B,relative_humidity_pct,node_mean,60,60.0,60.0,DIAGNOSTIC_UNGUARDED,,,
2024-01-02T00:07:00+00:00,C,A,B,pressure_hpa,prediction,940,940.0,939.9999999983145,PHYSICS_FALLBACK,,,NO_CHECKED_BAND
2024-01-02T00:07:00+00:00,C,A,B,pressure_hpa,two_node_physics,940,940.0,939.9999999983145,PHYSICS_FALLBACK,,,
2024-01-02T00:07:00+00:00,C,A,B,pressure_hpa,idw,940,940.0,939.9999999999998,DIAGNOSTIC_UNGUARDED,,,
2024-01-02T00:07:00+00:00,C,A,B,pressure_hpa,nearest,940,940.0,940.0,DIAGNOSTIC_UNGUARDED,,,
2024-01-02T00:07:00+00:00,C,A,B,pressure_hpa,node_mean,940,940.0,940.0,DIAGNOSTIC_UNGUARDED,,,
2024-01-02T00:07:00+00:00,C,A,B,wind_speed_mps,prediction,3,3.0,2.9999999999999996,PHYSICS_FALLBACK,,,NO_CHECKED_BAND
2024-01-02T00:07:00+00:00,C,A,B,wind_speed_mps,two_node_physics,3,3.0,2.9999999999999996,PHYSICS_FALLBACK,,,
2024-01-02T00:07:00+00:00,C,A,B,wind_speed_mps,idw,3,3.0,2.9999999999999996,DIAGNOSTIC_UNGUARDED,,,
2024-01-02T00:07:00+00:00,C,A,B,wind_speed_mps,nearest,3,3.0,3.0,DIAGNOSTIC_UNGUARDED,,,
2024-01-02T00:07:00+00:00,C,A,B,wind_speed_mps,node_mean,3,3.0,3.0,DIAGNOSTIC_UNGUARDED,,,
2024-01-02T00:08:00+00:00,A,B,C,temperature_c,prediction,16,15.0,,REFUSED_NETWORK_GEOMETRY,,,NO_CHECKED_BAND
2024-01-02T00:08:00+00:00,A,B,C,temperature_c,two_node_physics,16,15.0,,REFUSED_NETWORK_GEOMETRY,,,
2024-01-02T00:08:00+00:00,A,B,C,temperature_c,idw,16,15.0,15.000000000000002,DIAGNOSTIC_UNGUARDED,,,
2024-01-02T00:08:00+00:00,A,B,C,temperature_c,nearest,16,15.0,15.0,DIAGNOSTIC_UNGUARDED,,,
2024-01-02T00:08:00+00:00,A,B,C,temperature_c,node_mean,16,15.0,15.0,DIAGNOSTIC_UNGUARDED,,,
2024-01-02T00:08:00+00:00,A,B,C,relative_humidity_pct,prediction,61,60.0,,REFUSED_NETWORK_GEOMETRY,,,NO_CHECKED_BAND
2024-01-02T00:08:00+00:00,A,B,C,relative_humidity_pct,two_node_physics,61,60.0,,REFUSED_NETWORK_GEOMETRY,,,
2024-01-02T00:08:00+00:00,A,B,C,relative_humidity_pct,idw,61,60.0,60.00000000000001,DIAGNOSTIC_UNGUARDED,,,
2024-01-02T00:08:00+00:00,A,B,C,relative_humidity_pct,nearest,61,60.0,60.0,DIAGNOSTIC_UNGUARDED,,,
2024-01-02T00:08:00+00:00,A,B,C,relative_humidity_pct,node_mean,61,60.0,60.0,DIAGNOSTIC_UNGUARDED,,,
2024-01-02T00:08:00+00:00,A,B,C,pressure_hpa,prediction,941,940.0,,REFUSED_NETWORK_GEOMETRY,,,NO_CHECKED_BAND
2024-01-02T00:08:00+00:00,A,B,C,pressure_hpa,two_node_physics,941,940.0,,REFUSED_NETWORK_GEOMETRY,,,
2024-01-02T00:08:00+00:00,A,B,C,pressure_hpa,idw,941,940.0,940.0,DIAGNOSTIC_UNGUARDED,,,
2024-01-02T00:08:00+00:00,A,B,C,pressure_hpa,nearest,941,940.0,940.0,DIAGNOSTIC_UNGUARDED,,,
2024-01-02T00:08:00+00:00,A,B,C,pressure_hpa,node_mean,941,940.0,940.0,DIAGNOSTIC_UNGUARDED,,,
2024-01-02T00:08:00+00:00,A,B,C,wind_speed_mps,prediction,4,3.0,,REFUSED_NETWORK_GEOMETRY,,,NO_CHECKED_BAND
2024-01-02T00:08:00+00:00,A,B,C,wind_speed_mps,two_node_physics,4,3.0,,REFUSED_NETWORK_GEOMETRY,,,
2024-01-02T00:08:00+00:00,A,B,C,wind_speed_mps,idw,4,3.0,3.0,DIAGNOSTIC_UNGUARDED,,,
2024-01-02T00:08:00+00:00,A,B,C,wind_speed_mps,nearest,4,3.0,3.0,DIAGNOSTIC_UNGUARDED,,,
2024-01-02T00:08:00+00:00,A,B,C,wind_speed_mps,node_mean,4,3.0,3.0,DIAGNOSTIC_UNGUARDED,,,
2024-01-02T00:08:00+00:00,B,A,C,temperature_c,prediction,13,15.0,,REFUSED_NETWORK_GEOMETRY,,,NO_CHECKED_BAND
2024-01-02T00:08:00+00:00,B,A,C,temperature_c,two_node_physics,13,15.0,,REFUSED_NETWORK_GEOMETRY,,,
2024-01-02T00:08:00+00:00,B,A,C,temperature_c,idw,13,15.0,15.0,DIAGNOSTIC_UNGUARDED,,,
2024-01-02T00:08:00+00:00,B,A,C,temperature_c,nearest,13,15.0,15.0,DIAGNOSTIC_UNGUARDED,,,
2024-01-02T00:08:00+00:00,B,A,C,temperature_c,node_mean,13,15.0,15.0,DIAGNOSTIC_UNGUARDED,,,
2024-01-02T00:08:00+00:00,B,A,C,relative_humidity_pct,prediction,58,60.0,,REFUSED_NETWORK_GEOMETRY,,,NO_CHECKED_BAND
2024-01-02T00:08:00+00:00,B,A,C,relative_humidity_pct,two_node_physics,58,60.0,,REFUSED_NETWORK_GEOMETRY,,,
2024-01-02T00:08:00+00:00,B,A,C,relative_humidity_pct,idw,58,60.0,60.0,DIAGNOSTIC_UNGUARDED,,,
2024-01-02T00:08:00+00:00,B,A,C,relative_humidity_pct,nearest,58,60.0,60.0,DIAGNOSTIC_UNGUARDED,,,
2024-01-02T00:08:00+00:00,B,A,C,relative_humidity_pct,node_mean,58,60.0,60.0,DIAGNOSTIC_UNGUARDED,,,
2024-01-02T00:08:00+00:00,B,A,C,pressure_hpa,prediction,938,940.0,,REFUSED_NETWORK_GEOMETRY,,,NO_CHECKED_BAND
2024-01-02T00:08:00+00:00,B,A,C,pressure_hpa,two_node_physics,938,940.0,,REFUSED_NETWORK_GEOMETRY,,,
2024-01-02T00:08:00+00:00,B,A,C,pressure_hpa,idw,938,940.0,940.0000000000001,DIAGNOSTIC_UNGUARDED,,,
2024-01-02T00:08:00+00:00,B,A,C,pressure_hpa,nearest,938,940.0,940.0,DIAGNOSTIC_UNGUARDED,,,
2024-01-02T00:08:00+00:00,B,A,C,pressure_hpa,node_mean,938,940.0,940.0,DIAGNOSTIC_UNGUARDED,,,
2024-01-02T00:08:00+00:00,B,A,C,wind_speed_mps,prediction,1,3.0,,REFUSED_NETWORK_GEOMETRY,,,NO_CHECKED_BAND
2024-01-02T00:08:00+00:00,B,A,C,wind_speed_mps,two_node_physics,1,3.0,,REFUSED_NETWORK_GEOMETRY,,,
2024-01-02T00:08:00+00:00,B,A,C,wind_speed_mps,idw,1,3.0,3.0000000000000004,DIAGNOSTIC_UNGUARDED,,,
2024-01-02T00:08:00+00:00,B,A,C,wind_speed_mps,nearest,1,3.0,3.0,DIAGNOSTIC_UNGUARDED,,,
2024-01-02T00:08:00+00:00,B,A,C,wind_speed_mps,node_mean,1,3.0,3.0,DIAGNOSTIC_UNGUARDED,,,
2024-01-02T00:08:00+00:00,C,A,B,temperature_c,prediction,15,15.0,14.999999999999995,PHYSICS_FALLBACK,,,NO_CHECKED_BAND
2024-01-02T00:08:00+00:00,C,A,B,temperature_c,two_node_physics,15,15.0,14.999999999999995,PHYSICS_FALLBACK,,,
2024-01-02T00:08:00+00:00,C,A,B,temperature_c,idw,15,15.0,14.999999999999998,DIAGNOSTIC_UNGUARDED,,,
2024-01-02T00:08:00+00:00,C,A,B,temperature_c,nearest,15,15.0,15.0,DIAGNOSTIC_UNGUARDED,,,
2024-01-02T00:08:00+00:00,C,A,B,temperature_c,node_mean,15,15.0,15.0,DIAGNOSTIC_UNGUARDED,,,
2024-01-02T00:08:00+00:00,C,A,B,relative_humidity_pct,prediction,60,60.0,60.00000000000001,PHYSICS_FALLBACK,,,NO_CHECKED_BAND
2024-01-02T00:08:00+00:00,C,A,B,relative_humidity_pct,two_node_physics,60,60.0,60.00000000000001,PHYSICS_FALLBACK,,,
2024-01-02T00:08:00+00:00,C,A,B,relative_humidity_pct,idw,60,60.0,59.99999999999999,DIAGNOSTIC_UNGUARDED,,,
2024-01-02T00:08:00+00:00,C,A,B,relative_humidity_pct,nearest,60,60.0,60.0,DIAGNOSTIC_UNGUARDED,,,
2024-01-02T00:08:00+00:00,C,A,B,relative_humidity_pct,node_mean,60,60.0,60.0,DIAGNOSTIC_UNGUARDED,,,
2024-01-02T00:08:00+00:00,C,A,B,pressure_hpa,prediction,940,940.0,939.9999999983145,PHYSICS_FALLBACK,,,NO_CHECKED_BAND
2024-01-02T00:08:00+00:00,C,A,B,pressure_hpa,two_node_physics,940,940.0,939.9999999983145,PHYSICS_FALLBACK,,,
2024-01-02T00:08:00+00:00,C,A,B,pressure_hpa,idw,940,940.0,939.9999999999998,DIAGNOSTIC_UNGUARDED,,,
2024-01-02T00:08:00+00:00,C,A,B,pressure_hpa,nearest,940,940.0,940.0,DIAGNOSTIC_UNGUARDED,,,
2024-01-02T00:08:00+00:00,C,A,B,pressure_hpa,node_mean,940,940.0,940.0,DIAGNOSTIC_UNGUARDED,,,
2024-01-02T00:08:00+00:00,C,A,B,wind_speed_mps,prediction,3,3.0,2.9999999999999996,PHYSICS_FALLBACK,,,NO_CHECKED_BAND
2024-01-02T00:08:00+00:00,C,A,B,wind_speed_mps,two_node_physics,3,3.0,2.9999999999999996,PHYSICS_FALLBACK,,,
2024-01-02T00:08:00+00:00,C,A,B,wind_speed_mps,idw,3,3.0,2.9999999999999996,DIAGNOSTIC_UNGUARDED,,,
2024-01-02T00:08:00+00:00,C,A,B,wind_speed_mps,nearest,3,3.0,3.0,DIAGNOSTIC_UNGUARDED,,,
2024-01-02T00:08:00+00:00,C,A,B,wind_speed_mps,node_mean,3,3.0,3.0,DIAGNOSTIC_UNGUARDED,,,
2024-01-02T00:09:00+00:00,A,B,C,temperature_c,prediction,16,15.0,,REFUSED_NETWORK_GEOMETRY,,,NO_CHECKED_BAND
2024-01-02T00:09:00+00:00,A,B,C,temperature_c,two_node_physics,16,15.0,,REFUSED_NETWORK_GEOMETRY,,,
2024-01-02T00:09:00+00:00,A,B,C,temperature_c,idw,16,15.0,15.000000000000002,DIAGNOSTIC_UNGUARDED,,,
2024-01-02T00:09:00+00:00,A,B,C,temperature_c,nearest,16,15.0,15.0,DIAGNOSTIC_UNGUARDED,,,
2024-01-02T00:09:00+00:00,A,B,C,temperature_c,node_mean,16,15.0,15.0,DIAGNOSTIC_UNGUARDED,,,
2024-01-02T00:09:00+00:00,A,B,C,relative_humidity_pct,prediction,61,60.0,,REFUSED_NETWORK_GEOMETRY,,,NO_CHECKED_BAND
2024-01-02T00:09:00+00:00,A,B,C,relative_humidity_pct,two_node_physics,61,60.0,,REFUSED_NETWORK_GEOMETRY,,,
2024-01-02T00:09:00+00:00,A,B,C,relative_humidity_pct,idw,61,60.0,60.00000000000001,DIAGNOSTIC_UNGUARDED,,,
2024-01-02T00:09:00+00:00,A,B,C,relative_humidity_pct,nearest,61,60.0,60.0,DIAGNOSTIC_UNGUARDED,,,
2024-01-02T00:09:00+00:00,A,B,C,relative_humidity_pct,node_mean,61,60.0,60.0,DIAGNOSTIC_UNGUARDED,,,
2024-01-02T00:09:00+00:00,A,B,C,pressure_hpa,prediction,941,940.0,,REFUSED_NETWORK_GEOMETRY,,,NO_CHECKED_BAND
2024-01-02T00:09:00+00:00,A,B,C,pressure_hpa,two_node_physics,941,940.0,,REFUSED_NETWORK_GEOMETRY,,,
2024-01-02T00:09:00+00:00,A,B,C,pressure_hpa,idw,941,940.0,940.0,DIAGNOSTIC_UNGUARDED,,,
2024-01-02T00:09:00+00:00,A,B,C,pressure_hpa,nearest,941,940.0,940.0,DIAGNOSTIC_UNGUARDED,,,
2024-01-02T00:09:00+00:00,A,B,C,pressure_hpa,node_mean,941,940.0,940.0,DIAGNOSTIC_UNGUARDED,,,
2024-01-02T00:09:00+00:00,A,B,C,wind_speed_mps,prediction,4,3.0,,REFUSED_NETWORK_GEOMETRY,,,NO_CHECKED_BAND
2024-01-02T00:09:00+00:00,A,B,C,wind_speed_mps,two_node_physics,4,3.0,,REFUSED_NETWORK_GEOMETRY,,,
2024-01-02T00:09:00+00:00,A,B,C,wind_speed_mps,idw,4,3.0,3.0,DIAGNOSTIC_UNGUARDED,,,
2024-01-02T00:09:00+00:00,A,B,C,wind_speed_mps,nearest,4,3.0,3.0,DIAGNOSTIC_UNGUARDED,,,
2024-01-02T00:09:00+00:00,A,B,C,wind_speed_mps,node_mean,4,3.0,3.0,DIAGNOSTIC_UNGUARDED,,,
2024-01-02T00:09:00+00:00,B,A,C,temperature_c,prediction,13,15.0,,REFUSED_NETWORK_GEOMETRY,,,NO_CHECKED_BAND
2024-01-02T00:09:00+00:00,B,A,C,temperature_c,two_node_physics,13,15.0,,REFUSED_NETWORK_GEOMETRY,,,
2024-01-02T00:09:00+00:00,B,A,C,temperature_c,idw,13,15.0,15.0,DIAGNOSTIC_UNGUARDED,,,
2024-01-02T00:09:00+00:00,B,A,C,temperature_c,nearest,13,15.0,15.0,DIAGNOSTIC_UNGUARDED,,,
2024-01-02T00:09:00+00:00,B,A,C,temperature_c,node_mean,13,15.0,15.0,DIAGNOSTIC_UNGUARDED,,,
2024-01-02T00:09:00+00:00,B,A,C,relative_humidity_pct,prediction,58,60.0,,REFUSED_NETWORK_GEOMETRY,,,NO_CHECKED_BAND
2024-01-02T00:09:00+00:00,B,A,C,relative_humidity_pct,two_node_physics,58,60.0,,REFUSED_NETWORK_GEOMETRY,,,
2024-01-02T00:09:00+00:00,B,A,C,relative_humidity_pct,idw,58,60.0,60.0,DIAGNOSTIC_UNGUARDED,,,
2024-01-02T00:09:00+00:00,B,A,C,relative_humidity_pct,nearest,58,60.0,60.0,DIAGNOSTIC_UNGUARDED,,,
2024-01-02T00:09:00+00:00,B,A,C,relative_humidity_pct,node_mean,58,60.0,60.0,DIAGNOSTIC_UNGUARDED,,,
2024-01-02T00:09:00+00:00,B,A,C,pressure_hpa,prediction,938,940.0,,REFUSED_NETWORK_GEOMETRY,,,NO_CHECKED_BAND
2024-01-02T00:09:00+00:00,B,A,C,pressure_hpa,two_node_physics,938,940.0,,REFUSED_NETWORK_GEOMETRY,,,
2024-01-02T00:09:00+00:00,B,A,C,pressure_hpa,idw,938,940.0,940.0000000000001,DIAGNOSTIC_UNGUARDED,,,
2024-01-02T00:09:00+00:00,B,A,C,pressure_hpa,nearest,938,940.0,940.0,DIAGNOSTIC_UNGUARDED,,,
2024-01-02T00:09:00+00:00,B,A,C,pressure_hpa,node_mean,938,940.0,940.0,DIAGNOSTIC_UNGUARDED,,,
2024-01-02T00:09:00+00:00,B,A,C,wind_speed_mps,prediction,1,3.0,,REFUSED_NETWORK_GEOMETRY,,,NO_CHECKED_BAND
2024-01-02T00:09:00+00:00,B,A,C,wind_speed_mps,two_node_physics,1,3.0,,REFUSED_NETWORK_GEOMETRY,,,
2024-01-02T00:09:00+00:00,B,A,C,wind_speed_mps,idw,1,3.0,3.0000000000000004,DIAGNOSTIC_UNGUARDED,,,
2024-01-02T00:09:00+00:00,B,A,C,wind_speed_mps,nearest,1,3.0,3.0,DIAGNOSTIC_UNGUARDED,,,
2024-01-02T00:09:00+00:00,B,A,C,wind_speed_mps,node_mean,1,3.0,3.0,DIAGNOSTIC_UNGUARDED,,,
2024-01-02T00:09:00+00:00,C,A,B,temperature_c,prediction,15,15.0,14.999999999999995,PHYSICS_FALLBACK,,,NO_CHECKED_BAND
2024-01-02T00:09:00+00:00,C,A,B,temperature_c,two_node_physics,15,15.0,14.999999999999995,PHYSICS_FALLBACK,,,
2024-01-02T00:09:00+00:00,C,A,B,temperature_c,idw,15,15.0,14.999999999999998,DIAGNOSTIC_UNGUARDED,,,
2024-01-02T00:09:00+00:00,C,A,B,temperature_c,nearest,15,15.0,15.0,DIAGNOSTIC_UNGUARDED,,,
2024-01-02T00:09:00+00:00,C,A,B,temperature_c,node_mean,15,15.0,15.0,DIAGNOSTIC_UNGUARDED,,,
2024-01-02T00:09:00+00:00,C,A,B,relative_humidity_pct,prediction,60,60.0,60.00000000000001,PHYSICS_FALLBACK,,,NO_CHECKED_BAND
2024-01-02T00:09:00+00:00,C,A,B,relative_humidity_pct,two_node_physics,60,60.0,60.00000000000001,PHYSICS_FALLBACK,,,
2024-01-02T00:09:00+00:00,C,A,B,relative_humidity_pct,idw,60,60.0,59.99999999999999,DIAGNOSTIC_UNGUARDED,,,
2024-01-02T00:09:00+00:00,C,A,B,relative_humidity_pct,nearest,60,60.0,60.0,DIAGNOSTIC_UNGUARDED,,,
2024-01-02T00:09:00+00:00,C,A,B,relative_humidity_pct,node_mean,60,60.0,60.0,DIAGNOSTIC_UNGUARDED,,,
2024-01-02T00:09:00+00:00,C,A,B,pressure_hpa,prediction,940,940.0,939.9999999983145,PHYSICS_FALLBACK,,,NO_CHECKED_BAND
2024-01-02T00:09:00+00:00,C,A,B,pressure_hpa,two_node_physics,940,940.0,939.9999999983145,PHYSICS_FALLBACK,,,
2024-01-02T00:09:00+00:00,C,A,B,pressure_hpa,idw,940,940.0,939.9999999999998,DIAGNOSTIC_UNGUARDED,,,
2024-01-02T00:09:00+00:00,C,A,B,pressure_hpa,nearest,940,940.0,940.0,DIAGNOSTIC_UNGUARDED,,,
2024-01-02T00:09:00+00:00,C,A,B,pressure_hpa,node_mean,940,940.0,940.0,DIAGNOSTIC_UNGUARDED,,,
2024-01-02T00:09:00+00:00,C,A,B,wind_speed_mps,prediction,3,3.0,2.9999999999999996,PHYSICS_FALLBACK,,,NO_CHECKED_BAND
2024-01-02T00:09:00+00:00,C,A,B,wind_speed_mps,two_node_physics,3,3.0,2.9999999999999996,PHYSICS_FALLBACK,,,
2024-01-02T00:09:00+00:00,C,A,B,wind_speed_mps,idw,3,3.0,2.9999999999999996,DIAGNOSTIC_UNGUARDED,,,
2024-01-02T00:09:00+00:00,C,A,B,wind_speed_mps,nearest,3,3.0,3.0,DIAGNOSTIC_UNGUARDED,,,
2024-01-02T00:09:00+00:00,C,A,B,wind_speed_mps,node_mean,3,3.0,3.0,DIAGNOSTIC_UNGUARDED,,,
2024-01-02T00:10:00+00:00,A,B,C,temperature_c,prediction,16,15.0,,REFUSED_NETWORK_GEOMETRY,,,NO_CHECKED_BAND
2024-01-02T00:10:00+00:00,A,B,C,temperature_c,two_node_physics,16,15.0,,REFUSED_NETWORK_GEOMETRY,,,
2024-01-02T00:10:00+00:00,A,B,C,temperature_c,idw,16,15.0,15.000000000000002,DIAGNOSTIC_UNGUARDED,,,
2024-01-02T00:10:00+00:00,A,B,C,temperature_c,nearest,16,15.0,15.0,DIAGNOSTIC_UNGUARDED,,,
2024-01-02T00:10:00+00:00,A,B,C,temperature_c,node_mean,16,15.0,15.0,DIAGNOSTIC_UNGUARDED,,,
2024-01-02T00:10:00+00:00,A,B,C,relative_humidity_pct,prediction,61,60.0,,REFUSED_NETWORK_GEOMETRY,,,NO_CHECKED_BAND
2024-01-02T00:10:00+00:00,A,B,C,relative_humidity_pct,two_node_physics,61,60.0,,REFUSED_NETWORK_GEOMETRY,,,
2024-01-02T00:10:00+00:00,A,B,C,relative_humidity_pct,idw,61,60.0,60.00000000000001,DIAGNOSTIC_UNGUARDED,,,
2024-01-02T00:10:00+00:00,A,B,C,relative_humidity_pct,nearest,61,60.0,60.0,DIAGNOSTIC_UNGUARDED,,,
2024-01-02T00:10:00+00:00,A,B,C,relative_humidity_pct,node_mean,61,60.0,60.0,DIAGNOSTIC_UNGUARDED,,,
2024-01-02T00:10:00+00:00,A,B,C,pressure_hpa,prediction,941,940.0,,REFUSED_NETWORK_GEOMETRY,,,NO_CHECKED_BAND
2024-01-02T00:10:00+00:00,A,B,C,pressure_hpa,two_node_physics,941,940.0,,REFUSED_NETWORK_GEOMETRY,,,
2024-01-02T00:10:00+00:00,A,B,C,pressure_hpa,idw,941,940.0,940.0,DIAGNOSTIC_UNGUARDED,,,
2024-01-02T00:10:00+00:00,A,B,C,pressure_hpa,nearest,941,940.0,940.0,DIAGNOSTIC_UNGUARDED,,,
2024-01-02T00:10:00+00:00,A,B,C,pressure_hpa,node_mean,941,940.0,940.0,DIAGNOSTIC_UNGUARDED,,,
2024-01-02T00:10:00+00:00,A,B,C,wind_speed_mps,prediction,4,3.0,,REFUSED_NETWORK_GEOMETRY,,,NO_CHECKED_BAND
2024-01-02T00:10:00+00:00,A,B,C,wind_speed_mps,two_node_physics,4,3.0,,REFUSED_NETWORK_GEOMETRY,,,
2024-01-02T00:10:00+00:00,A,B,C,wind_speed_mps,idw,4,3.0,3.0,DIAGNOSTIC_UNGUARDED,,,
2024-01-02T00:10:00+00:00,A,B,C,wind_speed_mps,nearest,4,3.0,3.0,DIAGNOSTIC_UNGUARDED,,,
2024-01-02T00:10:00+00:00,A,B,C,wind_speed_mps,node_mean,4,3.0,3.0,DIAGNOSTIC_UNGUARDED,,,
2024-01-02T00:10:00+00:00,B,A,C,temperature_c,prediction,13,15.0,,REFUSED_NETWORK_GEOMETRY,,,NO_CHECKED_BAND
2024-01-02T00:10:00+00:00,B,A,C,temperature_c,two_node_physics,13,15.0,,REFUSED_NETWORK_GEOMETRY,,,
2024-01-02T00:10:00+00:00,B,A,C,temperature_c,idw,13,15.0,15.0,DIAGNOSTIC_UNGUARDED,,,
2024-01-02T00:10:00+00:00,B,A,C,temperature_c,nearest,13,15.0,15.0,DIAGNOSTIC_UNGUARDED,,,
2024-01-02T00:10:00+00:00,B,A,C,temperature_c,node_mean,13,15.0,15.0,DIAGNOSTIC_UNGUARDED,,,
2024-01-02T00:10:00+00:00,B,A,C,relative_humidity_pct,prediction,58,60.0,,REFUSED_NETWORK_GEOMETRY,,,NO_CHECKED_BAND
2024-01-02T00:10:00+00:00,B,A,C,relative_humidity_pct,two_node_physics,58,60.0,,REFUSED_NETWORK_GEOMETRY,,,
2024-01-02T00:10:00+00:00,B,A,C,relative_humidity_pct,idw,58,60.0,60.0,DIAGNOSTIC_UNGUARDED,,,
2024-01-02T00:10:00+00:00,B,A,C,relative_humidity_pct,nearest,58,60.0,60.0,DIAGNOSTIC_UNGUARDED,,,
2024-01-02T00:10:00+00:00,B,A,C,relative_humidity_pct,node_mean,58,60.0,60.0,DIAGNOSTIC_UNGUARDED,,,
2024-01-02T00:10:00+00:00,B,A,C,pressure_hpa,prediction,938,940.0,,REFUSED_NETWORK_GEOMETRY,,,NO_CHECKED_BAND
2024-01-02T00:10:00+00:00,B,A,C,pressure_hpa,two_node_physics,938,940.0,,REFUSED_NETWORK_GEOMETRY,,,
2024-01-02T00:10:00+00:00,B,A,C,pressure_hpa,idw,938,940.0,940.0000000000001,DIAGNOSTIC_UNGUARDED,,,
2024-01-02T00:10:00+00:00,B,A,C,pressure_hpa,nearest,938,940.0,940.0,DIAGNOSTIC_UNGUARDED,,,
2024-01-02T00:10:00+00:00,B,A,C,pressure_hpa,node_mean,938,940.0,940.0,DIAGNOSTIC_UNGUARDED,,,
2024-01-02T00:10:00+00:00,B,A,C,wind_speed_mps,prediction,1,3.0,,REFUSED_NETWORK_GEOMETRY,,,NO_CHECKED_BAND
2024-01-02T00:10:00+00:00,B,A,C,wind_speed_mps,two_node_physics,1,3.0,,REFUSED_NETWORK_GEOMETRY,,,
2024-01-02T00:10:00+00:00,B,A,C,wind_speed_mps,idw,1,3.0,3.0000000000000004,DIAGNOSTIC_UNGUARDED,,,
2024-01-02T00:10:00+00:00,B,A,C,wind_speed_mps,nearest,1,3.0,3.0,DIAGNOSTIC_UNGUARDED,,,
2024-01-02T00:10:00+00:00,B,A,C,wind_speed_mps,node_mean,1,3.0,3.0,DIAGNOSTIC_UNGUARDED,,,
2024-01-02T00:10:00+00:00,C,A,B,temperature_c,prediction,15,15.0,14.999999999999995,PHYSICS_FALLBACK,,,NO_CHECKED_BAND
2024-01-02T00:10:00+00:00,C,A,B,temperature_c,two_node_physics,15,15.0,14.999999999999995,PHYSICS_FALLBACK,,,
2024-01-02T00:10:00+00:00,C,A,B,temperature_c,idw,15,15.0,14.999999999999998,DIAGNOSTIC_UNGUARDED,,,
2024-01-02T00:10:00+00:00,C,A,B,temperature_c,nearest,15,15.0,15.0,DIAGNOSTIC_UNGUARDED,,,
2024-01-02T00:10:00+00:00,C,A,B,temperature_c,node_mean,15,15.0,15.0,DIAGNOSTIC_UNGUARDED,,,
2024-01-02T00:10:00+00:00,C,A,B,relative_humidity_pct,prediction,60,60.0,60.00000000000001,PHYSICS_FALLBACK,,,NO_CHECKED_BAND
2024-01-02T00:10:00+00:00,C,A,B,relative_humidity_pct,two_node_physics,60,60.0,60.00000000000001,PHYSICS_FALLBACK,,,
2024-01-02T00:10:00+00:00,C,A,B,relative_humidity_pct,idw,60,60.0,59.99999999999999,DIAGNOSTIC_UNGUARDED,,,
2024-01-02T00:10:00+00:00,C,A,B,relative_humidity_pct,nearest,60,60.0,60.0,DIAGNOSTIC_UNGUARDED,,,
2024-01-02T00:10:00+00:00,C,A,B,relative_humidity_pct,node_mean,60,60.0,60.0,DIAGNOSTIC_UNGUARDED,,,
2024-01-02T00:10:00+00:00,C,A,B,pressure_hpa,prediction,940,940.0,939.9999999983145,PHYSICS_FALLBACK,,,NO_CHECKED_BAND
2024-01-02T00:10:00+00:00,C,A,B,pressure_hpa,two_node_physics,940,940.0,939.9999999983145,PHYSICS_FALLBACK,,,
2024-01-02T00:10:00+00:00,C,A,B,pressure_hpa,idw,940,940.0,939.9999999999998,DIAGNOSTIC_UNGUARDED,,,
2024-01-02T00:10:00+00:00,C,A,B,pressure_hpa,nearest,940,940.0,940.0,DIAGNOSTIC_UNGUARDED,,,
2024-01-02T00:10:00+00:00,C,A,B,pressure_hpa,node_mean,940,940.0,940.0,DIAGNOSTIC_UNGUARDED,,,
2024-01-02T00:10:00+00:00,C,A,B,wind_speed_mps,prediction,3,3.0,2.9999999999999996,PHYSICS_FALLBACK,,,NO_CHECKED_BAND
2024-01-02T00:10:00+00:00,C,A,B,wind_speed_mps,two_node_physics,3,3.0,2.9999999999999996,PHYSICS_FALLBACK,,,
2024-01-02T00:10:00+00:00,C,A,B,wind_speed_mps,idw,3,3.0,2.9999999999999996,DIAGNOSTIC_UNGUARDED,,,
2024-01-02T00:10:00+00:00,C,A,B,wind_speed_mps,nearest,3,3.0,3.0,DIAGNOSTIC_UNGUARDED,,,
2024-01-02T00:10:00+00:00,C,A,B,wind_speed_mps,node_mean,3,3.0,3.0,DIAGNOSTIC_UNGUARDED,,,
2024-01-02T00:11:00+00:00,A,B,C,temperature_c,prediction,16,15.0,,REFUSED_NETWORK_GEOMETRY,,,NO_CHECKED_BAND
2024-01-02T00:11:00+00:00,A,B,C,temperature_c,two_node_physics,16,15.0,,REFUSED_NETWORK_GEOMETRY,,,
2024-01-02T00:11:00+00:00,A,B,C,temperature_c,idw,16,15.0,15.000000000000002,DIAGNOSTIC_UNGUARDED,,,
2024-01-02T00:11:00+00:00,A,B,C,temperature_c,nearest,16,15.0,15.0,DIAGNOSTIC_UNGUARDED,,,
2024-01-02T00:11:00+00:00,A,B,C,temperature_c,node_mean,16,15.0,15.0,DIAGNOSTIC_UNGUARDED,,,
2024-01-02T00:11:00+00:00,A,B,C,relative_humidity_pct,prediction,61,60.0,,REFUSED_NETWORK_GEOMETRY,,,NO_CHECKED_BAND
2024-01-02T00:11:00+00:00,A,B,C,relative_humidity_pct,two_node_physics,61,60.0,,REFUSED_NETWORK_GEOMETRY,,,
2024-01-02T00:11:00+00:00,A,B,C,relative_humidity_pct,idw,61,60.0,60.00000000000001,DIAGNOSTIC_UNGUARDED,,,
2024-01-02T00:11:00+00:00,A,B,C,relative_humidity_pct,nearest,61,60.0,60.0,DIAGNOSTIC_UNGUARDED,,,
2024-01-02T00:11:00+00:00,A,B,C,relative_humidity_pct,node_mean,61,60.0,60.0,DIAGNOSTIC_UNGUARDED,,,
2024-01-02T00:11:00+00:00,A,B,C,pressure_hpa,prediction,941,940.0,,REFUSED_NETWORK_GEOMETRY,,,NO_CHECKED_BAND
2024-01-02T00:11:00+00:00,A,B,C,pressure_hpa,two_node_physics,941,940.0,,REFUSED_NETWORK_GEOMETRY,,,
2024-01-02T00:11:00+00:00,A,B,C,pressure_hpa,idw,941,940.0,940.0,DIAGNOSTIC_UNGUARDED,,,
2024-01-02T00:11:00+00:00,A,B,C,pressure_hpa,nearest,941,940.0,940.0,DIAGNOSTIC_UNGUARDED,,,
2024-01-02T00:11:00+00:00,A,B,C,pressure_hpa,node_mean,941,940.0,940.0,DIAGNOSTIC_UNGUARDED,,,
2024-01-02T00:11:00+00:00,A,B,C,wind_speed_mps,prediction,4,3.0,,REFUSED_NETWORK_GEOMETRY,,,NO_CHECKED_BAND
2024-01-02T00:11:00+00:00,A,B,C,wind_speed_mps,two_node_physics,4,3.0,,REFUSED_NETWORK_GEOMETRY,,,
2024-01-02T00:11:00+00:00,A,B,C,wind_speed_mps,idw,4,3.0,3.0,DIAGNOSTIC_UNGUARDED,,,
2024-01-02T00:11:00+00:00,A,B,C,wind_speed_mps,nearest,4,3.0,3.0,DIAGNOSTIC_UNGUARDED,,,
2024-01-02T00:11:00+00:00,A,B,C,wind_speed_mps,node_mean,4,3.0,3.0,DIAGNOSTIC_UNGUARDED,,,
2024-01-02T00:11:00+00:00,B,A,C,temperature_c,prediction,13,15.0,,REFUSED_NETWORK_GEOMETRY,,,NO_CHECKED_BAND
2024-01-02T00:11:00+00:00,B,A,C,temperature_c,two_node_physics,13,15.0,,REFUSED_NETWORK_GEOMETRY,,,
2024-01-02T00:11:00+00:00,B,A,C,temperature_c,idw,13,15.0,15.0,DIAGNOSTIC_UNGUARDED,,,
2024-01-02T00:11:00+00:00,B,A,C,temperature_c,nearest,13,15.0,15.0,DIAGNOSTIC_UNGUARDED,,,
2024-01-02T00:11:00+00:00,B,A,C,temperature_c,node_mean,13,15.0,15.0,DIAGNOSTIC_UNGUARDED,,,
2024-01-02T00:11:00+00:00,B,A,C,relative_humidity_pct,prediction,58,60.0,,REFUSED_NETWORK_GEOMETRY,,,NO_CHECKED_BAND
2024-01-02T00:11:00+00:00,B,A,C,relative_humidity_pct,two_node_physics,58,60.0,,REFUSED_NETWORK_GEOMETRY,,,
2024-01-02T00:11:00+00:00,B,A,C,relative_humidity_pct,idw,58,60.0,60.0,DIAGNOSTIC_UNGUARDED,,,
2024-01-02T00:11:00+00:00,B,A,C,relative_humidity_pct,nearest,58,60.0,60.0,DIAGNOSTIC_UNGUARDED,,,
2024-01-02T00:11:00+00:00,B,A,C,relative_humidity_pct,node_mean,58,60.0,60.0,DIAGNOSTIC_UNGUARDED,,,
2024-01-02T00:11:00+00:00,B,A,C,pressure_hpa,prediction,938,940.0,,REFUSED_NETWORK_GEOMETRY,,,NO_CHECKED_BAND
2024-01-02T00:11:00+00:00,B,A,C,pressure_hpa,two_node_physics,938,940.0,,REFUSED_NETWORK_GEOMETRY,,,
2024-01-02T00:11:00+00:00,B,A,C,pressure_hpa,idw,938,940.0,940.0000000000001,DIAGNOSTIC_UNGUARDED,,,
2024-01-02T00:11:00+00:00,B,A,C,pressure_hpa,nearest,938,940.0,940.0,DIAGNOSTIC_UNGUARDED,,,
2024-01-02T00:11:00+00:00,B,A,C,pressure_hpa,node_mean,938,940.0,940.0,DIAGNOSTIC_UNGUARDED,,,
2024-01-02T00:11:00+00:00,B,A,C,wind_speed_mps,prediction,1,3.0,,REFUSED_NETWORK_GEOMETRY,,,NO_CHECKED_BAND
2024-01-02T00:11:00+00:00,B,A,C,wind_speed_mps,two_node_physics,1,3.0,,REFUSED_NETWORK_GEOMETRY,,,
2024-01-02T00:11:00+00:00,B,A,C,wind_speed_mps,idw,1,3.0,3.0000000000000004,DIAGNOSTIC_UNGUARDED,,,
2024-01-02T00:11:00+00:00,B,A,C,wind_speed_mps,nearest,1,3.0,3.0,DIAGNOSTIC_UNGUARDED,,,
2024-01-02T00:11:00+00:00,B,A,C,wind_speed_mps,node_mean,1,3.0,3.0,DIAGNOSTIC_UNGUARDED,,,
2024-01-02T00:11:00+00:00,C,A,B,temperature_c,prediction,15,15.0,14.999999999999995,PHYSICS_FALLBACK,,,NO_CHECKED_BAND
2024-01-02T00:11:00+00:00,C,A,B,temperature_c,two_node_physics,15,15.0,14.999999999999995,PHYSICS_FALLBACK,,,
2024-01-02T00:11:00+00:00,C,A,B,temperature_c,idw,15,15.0,14.999999999999998,DIAGNOSTIC_UNGUARDED,,,
2024-01-02T00:11:00+00:00,C,A,B,temperature_c,nearest,15,15.0,15.0,DIAGNOSTIC_UNGUARDED,,,
2024-01-02T00:11:00+00:00,C,A,B,temperature_c,node_mean,15,15.0,15.0,DIAGNOSTIC_UNGUARDED,,,
2024-01-02T00:11:00+00:00,C,A,B,relative_humidity_pct,prediction,60,60.0,60.00000000000001,PHYSICS_FALLBACK,,,NO_CHECKED_BAND
2024-01-02T00:11:00+00:00,C,A,B,relative_humidity_pct,two_node_physics,60,60.0,60.00000000000001,PHYSICS_FALLBACK,,,
2024-01-02T00:11:00+00:00,C,A,B,relative_humidity_pct,idw,60,60.0,59.99999999999999,DIAGNOSTIC_UNGUARDED,,,
2024-01-02T00:11:00+00:00,C,A,B,relative_humidity_pct,nearest,60,60.0,60.0,DIAGNOSTIC_UNGUARDED,,,
2024-01-02T00:11:00+00:00,C,A,B,relative_humidity_pct,node_mean,60,60.0,60.0,DIAGNOSTIC_UNGUARDED,,,
2024-01-02T00:11:00+00:00,C,A,B,pressure_hpa,prediction,940,940.0,939.9999999983145,PHYSICS_FALLBACK,,,NO_CHECKED_BAND
2024-01-02T00:11:00+00:00,C,A,B,pressure_hpa,two_node_physics,940,940.0,939.9999999983145,PHYSICS_FALLBACK,,,
2024-01-02T00:11:00+00:00,C,A,B,pressure_hpa,idw,940,940.0,939.9999999999998,DIAGNOSTIC_UNGUARDED,,,
2024-01-02T00:11:00+00:00,C,A,B,pressure_hpa,nearest,940,940.0,940.0,DIAGNOSTIC_UNGUARDED,,,
2024-01-02T00:11:00+00:00,C,A,B,pressure_hpa,node_mean,940,940.0,940.0,DIAGNOSTIC_UNGUARDED,,,
2024-01-02T00:11:00+00:00,C,A,B,wind_speed_mps,prediction,3,3.0,2.9999999999999996,PHYSICS_FALLBACK,,,NO_CHECKED_BAND
2024-01-02T00:11:00+00:00,C,A,B,wind_speed_mps,two_node_physics,3,3.0,2.9999999999999996,PHYSICS_FALLBACK,,,
2024-01-02T00:11:00+00:00,C,A,B,wind_speed_mps,idw,3,3.0,2.9999999999999996,DIAGNOSTIC_UNGUARDED,,,
2024-01-02T00:11:00+00:00,C,A,B,wind_speed_mps,nearest,3,3.0,3.0,DIAGNOSTIC_UNGUARDED,,,
2024-01-02T00:11:00+00:00,C,A,B,wind_speed_mps,node_mean,3,3.0,3.0,DIAGNOSTIC_UNGUARDED,,,
