scope,neighbors,head,distance_bin_km,nominal,rows,episodes,point_coverage,episode_coverage,half_width,check_passed
national5km,2,temperature_c,0–1,0.8,0,0,,,,False
national5km,2,temperature_c,0–1,0.9,0,0,,,,False
national5km,2,temperature_c,1–5,0.8,0,0,,,,False
national5km,2,temperature_c,1–5,0.9,0,0,,,,False
national5km,2,temperature_c,5–20,0.8,0,0,,,,False
national5km,2,temperature_c,5–20,0.9,0,0,,,,False
national5km,2,temperature_c,20–50,0.8,0,0,,,,False
national5km,2,temperature_c,20–50,0.9,0,0,,,,False
national5km,2,temperature_c,50–100,0.8,0,0,,,,False
national5km,2,temperature_c,50–100,0.9,0,0,,,,False
national5km,2,temperature_c,100–250,0.8,0,0,,,,False
national5km,2,temperature_c,100–250,0.9,0,0,,,,False
national5km,2,temperature_c,250+,0.8,0,0,,,,False
national5km,2,temperature_c,250+,0.9,0,0,,,,False
national5km,2,relative_humidity_pct,0–1,0.8,0,0,,,,False
national5km,2,relative_humidity_pct,0–1,0.9,0,0,,,,False
national5km,2,relative_humidity_pct,1–5,0.8,0,0,,,,False
national5km,2,relative_humidity_pct,1–5,0.9,0,0,,,,False
national5km,2,relative_humidity_pct,5–20,0.8,0,0,,,,False
national5km,2,relative_humidity_pct,5–20,0.9,0,0,,,,False
national5km,2,relative_humidity_pct,20–50,0.8,0,0,,,,False
national5km,2,relative_humidity_pct,20–50,0.9,0,0,,,,False
national5km,2,relative_humidity_pct,50–100,0.8,0,0,,,,False
national5km,2,relative_humidity_pct,50–100,0.9,0,0,,,,False
national5km,2,relative_humidity_pct,100–250,0.8,0,0,,,,False
national5km,2,relative_humidity_pct,100–250,0.9,0,0,,,,False
national5km,2,relative_humidity_pct,250+,0.8,0,0,,,,False
national5km,2,relative_humidity_pct,250+,0.9,0,0,,,,False
national5km,2,pressure_hpa,0–1,0.8,0,0,,,,False
national5km,2,pressure_hpa,0–1,0.9,0,0,,,,False
national5km,2,pressure_hpa,1–5,0.8,0,0,,,,False
national5km,2,pressure_hpa,1–5,0.9,0,0,,,,False
national5km,2,pressure_hpa,5–20,0.8,0,0,,,,False
national5km,2,pressure_hpa,5–20,0.9,0,0,,,,False
national5km,2,pressure_hpa,20–50,0.8,0,0,,,,False
national5km,2,pressure_hpa,20–50,0.9,0,0,,,,False
national5km,2,pressure_hpa,50–100,0.8,0,0,,,,False
national5km,2,pressure_hpa,50–100,0.9,0,0,,,,False
national5km,2,pressure_hpa,100–250,0.8,0,0,,,,False
national5km,2,pressure_hpa,100–250,0.9,0,0,,,,False
national5km,2,pressure_hpa,250+,0.8,0,0,,,,False
national5km,2,pressure_hpa,250+,0.9,0,0,,,,False
national5km,2,pm25_ug_m3,0–1,0.8,0,0,,,,False
national5km,2,pm25_ug_m3,0–1,0.9,0,0,,,,False
national5km,2,pm25_ug_m3,1–5,0.8,0,0,,,,False
national5km,2,pm25_ug_m3,1–5,0.9,0,0,,,,False
national5km,2,pm25_ug_m3,5–20,0.8,0,0,,,,False
national5km,2,pm25_ug_m3,5–20,0.9,0,0,,,,False
national5km,2,pm25_ug_m3,20–50,0.8,0,0,,,,False
national5km,2,pm25_ug_m3,20–50,0.9,0,0,,,,False
national5km,2,pm25_ug_m3,50–100,0.8,0,0,,,,False
national5km,2,pm25_ug_m3,50–100,0.9,0,0,,,,False
national5km,2,pm25_ug_m3,100–250,0.8,0,0,,,,False
national5km,2,pm25_ug_m3,100–250,0.9,0,0,,,,False
national5km,2,pm25_ug_m3,250+,0.8,0,0,,,,False
national5km,2,pm25_ug_m3,250+,0.9,0,0,,,,False
national5km,2,pm10_ug_m3,0–1,0.8,0,0,,,,False
national5km,2,pm10_ug_m3,0–1,0.9,0,0,,,,False
national5km,2,pm10_ug_m3,1–5,0.8,0,0,,,,False
national5km,2,pm10_ug_m3,1–5,0.9,0,0,,,,False
national5km,2,pm10_ug_m3,5–20,0.8,0,0,,,,False
national5km,2,pm10_ug_m3,5–20,0.9,0,0,,,,False
national5km,2,pm10_ug_m3,20–50,0.8,0,0,,,,False
national5km,2,pm10_ug_m3,20–50,0.9,0,0,,,,False
national5km,2,pm10_ug_m3,50–100,0.8,0,0,,,,False
national5km,2,pm10_ug_m3,50–100,0.9,0,0,,,,False
national5km,2,pm10_ug_m3,100–250,0.8,0,0,,,,False
national5km,2,pm10_ug_m3,100–250,0.9,0,0,,,,False
national5km,2,pm10_ug_m3,250+,0.8,0,0,,,,False
national5km,2,pm10_ug_m3,250+,0.9,0,0,,,,False
national5km,2,wind_speed_mps,0–1,0.8,0,0,,,,False
national5km,2,wind_speed_mps,0–1,0.9,0,0,,,,False
national5km,2,wind_speed_mps,1–5,0.8,0,0,,,,False
national5km,2,wind_speed_mps,1–5,0.9,0,0,,,,False
national5km,2,wind_speed_mps,5–20,0.8,0,0,,,,False
national5km,2,wind_speed_mps,5–20,0.9,0,0,,,,False
national5km,2,wind_speed_mps,20–50,0.8,0,0,,,,False
national5km,2,wind_speed_mps,20–50,0.9,0,0,,,,False
national5km,2,wind_speed_mps,50–100,0.8,0,0,,,,False
national5km,2,wind_speed_mps,50–100,0.9,0,0,,,,False
national5km,2,wind_speed_mps,100–250,0.8,0,0,,,,False
national5km,2,wind_speed_mps,100–250,0.9,0,0,,,,False
national5km,2,wind_speed_mps,250+,0.8,0,0,,,,False
national5km,2,wind_speed_mps,250+,0.9,0,0,,,,False
national5km,3,temperature_c,0–1,0.8,0,0,,,,False
national5km,3,temperature_c,0–1,0.9,0,0,,,,False
national5km,3,temperature_c,1–5,0.8,0,0,,,,False
national5km,3,temperature_c,1–5,0.9,0,0,,,,False
national5km,3,temperature_c,5–20,0.8,226,10,1.0,1.0,12.710140228271484,True
national5km,3,temperature_c,5–20,0.9,226,10,1.0,1.0,12.892337799072266,True
national5km,3,temperature_c,20–50,0.8,0,0,,,,False
national5km,3,temperature_c,20–50,0.9,0,0,,,,False
national5km,3,temperature_c,50–100,0.8,0,0,,,,False
national5km,3,temperature_c,50–100,0.9,0,0,,,,False
national5km,3,temperature_c,100–250,0.8,0,0,,,,False
national5km,3,temperature_c,100–250,0.9,0,0,,,,False
national5km,3,temperature_c,250+,0.8,0,0,,,,False
national5km,3,temperature_c,250+,0.9,0,0,,,,False
national5km,3,relative_humidity_pct,0–1,0.8,0,0,,,,False
national5km,3,relative_humidity_pct,0–1,0.9,0,0,,,,False
national5km,3,relative_humidity_pct,1–5,0.8,0,0,,,,False
national5km,3,relative_humidity_pct,1–5,0.9,0,0,,,,False
national5km,3,relative_humidity_pct,5–20,0.8,226,10,1.0,1.0,36.11546325683594,True
national5km,3,relative_humidity_pct,5–20,0.9,226,10,1.0,1.0,42.79755783081055,True
national5km,3,relative_humidity_pct,20–50,0.8,0,0,,,,False
national5km,3,relative_humidity_pct,20–50,0.9,0,0,,,,False
national5km,3,relative_humidity_pct,50–100,0.8,0,0,,,,False
national5km,3,relative_humidity_pct,50–100,0.9,0,0,,,,False
national5km,3,relative_humidity_pct,100–250,0.8,0,0,,,,False
national5km,3,relative_humidity_pct,100–250,0.9,0,0,,,,False
national5km,3,relative_humidity_pct,250+,0.8,0,0,,,,False
national5km,3,relative_humidity_pct,250+,0.9,0,0,,,,False
national5km,3,pressure_hpa,0–1,0.8,0,0,,,,False
national5km,3,pressure_hpa,0–1,0.9,0,0,,,,False
national5km,3,pressure_hpa,1–5,0.8,0,0,,,,False
national5km,3,pressure_hpa,1–5,0.9,0,0,,,,False
national5km,3,pressure_hpa,5–20,0.8,81,10,0.9876543209876543,0.9,1.58294677734375,True
national5km,3,pressure_hpa,5–20,0.9,81,10,1.0,1.0,1.74267578125,True
national5km,3,pressure_hpa,20–50,0.8,0,0,,,,False
national5km,3,pressure_hpa,20–50,0.9,0,0,,,,False
national5km,3,pressure_hpa,50–100,0.8,0,0,,,,False
national5km,3,pressure_hpa,50–100,0.9,0,0,,,,False
national5km,3,pressure_hpa,100–250,0.8,0,0,,,,False
national5km,3,pressure_hpa,100–250,0.9,0,0,,,,False
national5km,3,pressure_hpa,250+,0.8,0,0,,,,False
national5km,3,pressure_hpa,250+,0.9,0,0,,,,False
national5km,3,pm25_ug_m3,0–1,0.8,0,0,,,,False
national5km,3,pm25_ug_m3,0–1,0.9,0,0,,,,False
national5km,3,pm25_ug_m3,1–5,0.8,0,0,,,,False
national5km,3,pm25_ug_m3,1–5,0.9,0,0,,,,False
national5km,3,pm25_ug_m3,5–20,0.8,0,0,,,,False
national5km,3,pm25_ug_m3,5–20,0.9,0,0,,,,False
national5km,3,pm25_ug_m3,20–50,0.8,0,0,,,,False
national5km,3,pm25_ug_m3,20–50,0.9,0,0,,,,False
national5km,3,pm25_ug_m3,50–100,0.8,0,0,,,,False
national5km,3,pm25_ug_m3,50–100,0.9,0,0,,,,False
national5km,3,pm25_ug_m3,100–250,0.8,0,0,,,,False
national5km,3,pm25_ug_m3,100–250,0.9,0,0,,,,False
national5km,3,pm25_ug_m3,250+,0.8,0,0,,,,False
national5km,3,pm25_ug_m3,250+,0.9,0,0,,,,False
national5km,3,pm10_ug_m3,0–1,0.8,0,0,,,,False
national5km,3,pm10_ug_m3,0–1,0.9,0,0,,,,False
national5km,3,pm10_ug_m3,1–5,0.8,0,0,,,,False
national5km,3,pm10_ug_m3,1–5,0.9,0,0,,,,False
national5km,3,pm10_ug_m3,5–20,0.8,0,0,,,,False
national5km,3,pm10_ug_m3,5–20,0.9,0,0,,,,False
national5km,3,pm10_ug_m3,20–50,0.8,0,0,,,,False
national5km,3,pm10_ug_m3,20–50,0.9,0,0,,,,False
national5km,3,pm10_ug_m3,50–100,0.8,0,0,,,,False
national5km,3,pm10_ug_m3,50–100,0.9,0,0,,,,False
national5km,3,pm10_ug_m3,100–250,0.8,0,0,,,,False
national5km,3,pm10_ug_m3,100–250,0.9,0,0,,,,False
national5km,3,pm10_ug_m3,250+,0.8,0,0,,,,False
national5km,3,pm10_ug_m3,250+,0.9,0,0,,,,False
national5km,3,wind_speed_mps,0–1,0.8,0,0,,,,False
national5km,3,wind_speed_mps,0–1,0.9,0,0,,,,False
national5km,3,wind_speed_mps,1–5,0.8,0,0,,,,False
national5km,3,wind_speed_mps,1–5,0.9,0,0,,,,False
national5km,3,wind_speed_mps,5–20,0.8,226,10,0.995575221238938,0.9,3.1196064949035645,False
national5km,3,wind_speed_mps,5–20,0.9,226,10,1.0,1.0,4.430624485015869,True
national5km,3,wind_speed_mps,20–50,0.8,0,0,,,,False
national5km,3,wind_speed_mps,20–50,0.9,0,0,,,,False
national5km,3,wind_speed_mps,50–100,0.8,0,0,,,,False
national5km,3,wind_speed_mps,50–100,0.9,0,0,,,,False
national5km,3,wind_speed_mps,100–250,0.8,0,0,,,,False
national5km,3,wind_speed_mps,100–250,0.9,0,0,,,,False
national5km,3,wind_speed_mps,250+,0.8,0,0,,,,False
national5km,3,wind_speed_mps,250+,0.9,0,0,,,,False
national5km,4,temperature_c,0–1,0.8,0,0,,,,False
national5km,4,temperature_c,0–1,0.9,0,0,,,,False
national5km,4,temperature_c,1–5,0.8,0,0,,,,False
national5km,4,temperature_c,1–5,0.9,0,0,,,,False
national5km,4,temperature_c,5–20,0.8,237,10,1.0,1.0,12.673892974853516,True
national5km,4,temperature_c,5–20,0.9,237,10,1.0,1.0,12.857734680175781,True
national5km,4,temperature_c,20–50,0.8,0,0,,,,False
national5km,4,temperature_c,20–50,0.9,0,0,,,,False
national5km,4,temperature_c,50–100,0.8,0,0,,,,False
national5km,4,temperature_c,50–100,0.9,0,0,,,,False
national5km,4,temperature_c,100–250,0.8,0,0,,,,False
national5km,4,temperature_c,100–250,0.9,0,0,,,,False
national5km,4,temperature_c,250+,0.8,0,0,,,,False
national5km,4,temperature_c,250+,0.9,0,0,,,,False
national5km,4,relative_humidity_pct,0–1,0.8,0,0,,,,False
national5km,4,relative_humidity_pct,0–1,0.9,0,0,,,,False
national5km,4,relative_humidity_pct,1–5,0.8,0,0,,,,False
national5km,4,relative_humidity_pct,1–5,0.9,0,0,,,,False
national5km,4,relative_humidity_pct,5–20,0.8,237,10,1.0,1.0,41.66657638549805,True
national5km,4,relative_humidity_pct,5–20,0.9,237,10,1.0,1.0,43.3029899597168,True
national5km,4,relative_humidity_pct,20–50,0.8,0,0,,,,False
national5km,4,relative_humidity_pct,20–50,0.9,0,0,,,,False
national5km,4,relative_humidity_pct,50–100,0.8,0,0,,,,False
national5km,4,relative_humidity_pct,50–100,0.9,0,0,,,,False
national5km,4,relative_humidity_pct,100–250,0.8,0,0,,,,False
national5km,4,relative_humidity_pct,100–250,0.9,0,0,,,,False
national5km,4,relative_humidity_pct,250+,0.8,0,0,,,,False
national5km,4,relative_humidity_pct,250+,0.9,0,0,,,,False
national5km,4,pressure_hpa,0–1,0.8,0,0,,,,False
national5km,4,pressure_hpa,0–1,0.9,0,0,,,,False
national5km,4,pressure_hpa,1–5,0.8,0,0,,,,False
national5km,4,pressure_hpa,1–5,0.9,0,0,,,,False
national5km,4,pressure_hpa,5–20,0.8,90,10,0.9666666666666667,0.9,1.55572509765625,True
national5km,4,pressure_hpa,5–20,0.9,90,10,0.9888888888888889,0.9,1.89947509765625,True
national5km,4,pressure_hpa,20–50,0.8,0,0,,,,False
national5km,4,pressure_hpa,20–50,0.9,0,0,,,,False
national5km,4,pressure_hpa,50–100,0.8,0,0,,,,False
national5km,4,pressure_hpa,50–100,0.9,0,0,,,,False
national5km,4,pressure_hpa,100–250,0.8,0,0,,,,False
national5km,4,pressure_hpa,100–250,0.9,0,0,,,,False
national5km,4,pressure_hpa,250+,0.8,0,0,,,,False
national5km,4,pressure_hpa,250+,0.9,0,0,,,,False
national5km,4,pm25_ug_m3,0–1,0.8,0,0,,,,False
national5km,4,pm25_ug_m3,0–1,0.9,0,0,,,,False
national5km,4,pm25_ug_m3,1–5,0.8,0,0,,,,False
national5km,4,pm25_ug_m3,1–5,0.9,0,0,,,,False
national5km,4,pm25_ug_m3,5–20,0.8,0,0,,,,False
national5km,4,pm25_ug_m3,5–20,0.9,0,0,,,,False
national5km,4,pm25_ug_m3,20–50,0.8,0,0,,,,False
national5km,4,pm25_ug_m3,20–50,0.9,0,0,,,,False
national5km,4,pm25_ug_m3,50–100,0.8,0,0,,,,False
national5km,4,pm25_ug_m3,50–100,0.9,0,0,,,,False
national5km,4,pm25_ug_m3,100–250,0.8,0,0,,,,False
national5km,4,pm25_ug_m3,100–250,0.9,0,0,,,,False
national5km,4,pm25_ug_m3,250+,0.8,0,0,,,,False
national5km,4,pm25_ug_m3,250+,0.9,0,0,,,,False
national5km,4,pm10_ug_m3,0–1,0.8,0,0,,,,False
national5km,4,pm10_ug_m3,0–1,0.9,0,0,,,,False
national5km,4,pm10_ug_m3,1–5,0.8,0,0,,,,False
national5km,4,pm10_ug_m3,1–5,0.9,0,0,,,,False
national5km,4,pm10_ug_m3,5–20,0.8,0,0,,,,False
national5km,4,pm10_ug_m3,5–20,0.9,0,0,,,,False
national5km,4,pm10_ug_m3,20–50,0.8,0,0,,,,False
national5km,4,pm10_ug_m3,20–50,0.9,0,0,,,,False
national5km,4,pm10_ug_m3,50–100,0.8,0,0,,,,False
national5km,4,pm10_ug_m3,50–100,0.9,0,0,,,,False
national5km,4,pm10_ug_m3,100–250,0.8,0,0,,,,False
national5km,4,pm10_ug_m3,100–250,0.9,0,0,,,,False
national5km,4,pm10_ug_m3,250+,0.8,0,0,,,,False
national5km,4,pm10_ug_m3,250+,0.9,0,0,,,,False
national5km,4,wind_speed_mps,0–1,0.8,0,0,,,,False
national5km,4,wind_speed_mps,0–1,0.9,0,0,,,,False
national5km,4,wind_speed_mps,1–5,0.8,0,0,,,,False
national5km,4,wind_speed_mps,1–5,0.9,0,0,,,,False
national5km,4,wind_speed_mps,5–20,0.8,237,10,1.0,1.0,3.71806001663208,False
national5km,4,wind_speed_mps,5–20,0.9,237,10,1.0,1.0,4.398582458496094,True
national5km,4,wind_speed_mps,20–50,0.8,0,0,,,,False
national5km,4,wind_speed_mps,20–50,0.9,0,0,,,,False
national5km,4,wind_speed_mps,50–100,0.8,0,0,,,,False
national5km,4,wind_speed_mps,50–100,0.9,0,0,,,,False
national5km,4,wind_speed_mps,100–250,0.8,0,0,,,,False
national5km,4,wind_speed_mps,100–250,0.9,0,0,,,,False
national5km,4,wind_speed_mps,250+,0.8,0,0,,,,False
national5km,4,wind_speed_mps,250+,0.9,0,0,,,,False
national5km,5,temperature_c,0–1,0.8,0,0,,,,False
national5km,5,temperature_c,0–1,0.9,0,0,,,,False
national5km,5,temperature_c,1–5,0.8,0,0,,,,False
national5km,5,temperature_c,1–5,0.9,0,0,,,,False
national5km,5,temperature_c,5–20,0.8,280,10,1.0,1.0,12.68167495727539,True
national5km,5,temperature_c,5–20,0.9,280,10,1.0,1.0,12.864578247070312,True
national5km,5,temperature_c,20–50,0.8,0,0,,,,False
national5km,5,temperature_c,20–50,0.9,0,0,,,,False
national5km,5,temperature_c,50–100,0.8,0,0,,,,False
national5km,5,temperature_c,50–100,0.9,0,0,,,,False
national5km,5,temperature_c,100–250,0.8,0,0,,,,False
national5km,5,temperature_c,100–250,0.9,0,0,,,,False
national5km,5,temperature_c,250+,0.8,0,0,,,,False
national5km,5,temperature_c,250+,0.9,0,0,,,,False
national5km,5,relative_humidity_pct,0–1,0.8,0,0,,,,False
national5km,5,relative_humidity_pct,0–1,0.9,0,0,,,,False
national5km,5,relative_humidity_pct,1–5,0.8,0,0,,,,False
national5km,5,relative_humidity_pct,1–5,0.9,0,0,,,,False
national5km,5,relative_humidity_pct,5–20,0.8,280,10,1.0,1.0,41.61194610595703,True
national5km,5,relative_humidity_pct,5–20,0.9,280,10,1.0,1.0,43.19675064086914,True
national5km,5,relative_humidity_pct,20–50,0.8,0,0,,,,False
national5km,5,relative_humidity_pct,20–50,0.9,0,0,,,,False
national5km,5,relative_humidity_pct,50–100,0.8,0,0,,,,False
national5km,5,relative_humidity_pct,50–100,0.9,0,0,,,,False
national5km,5,relative_humidity_pct,100–250,0.8,0,0,,,,False
national5km,5,relative_humidity_pct,100–250,0.9,0,0,,,,False
national5km,5,relative_humidity_pct,250+,0.8,0,0,,,,False
national5km,5,relative_humidity_pct,250+,0.9,0,0,,,,False
national5km,5,pressure_hpa,0–1,0.8,0,0,,,,False
national5km,5,pressure_hpa,0–1,0.9,0,0,,,,False
national5km,5,pressure_hpa,1–5,0.8,0,0,,,,False
national5km,5,pressure_hpa,1–5,0.9,0,0,,,,False
national5km,5,pressure_hpa,5–20,0.8,127,10,0.9763779527559056,0.9,1.55535888671875,True
national5km,5,pressure_hpa,5–20,0.9,127,10,0.9921259842519685,0.9,1.89105224609375,True
national5km,5,pressure_hpa,20–50,0.8,0,0,,,,False
national5km,5,pressure_hpa,20–50,0.9,0,0,,,,False
national5km,5,pressure_hpa,50–100,0.8,0,0,,,,False
national5km,5,pressure_hpa,50–100,0.9,0,0,,,,False
national5km,5,pressure_hpa,100–250,0.8,0,0,,,,False
national5km,5,pressure_hpa,100–250,0.9,0,0,,,,False
national5km,5,pressure_hpa,250+,0.8,0,0,,,,False
national5km,5,pressure_hpa,250+,0.9,0,0,,,,False
national5km,5,pm25_ug_m3,0–1,0.8,0,0,,,,False
national5km,5,pm25_ug_m3,0–1,0.9,0,0,,,,False
national5km,5,pm25_ug_m3,1–5,0.8,0,0,,,,False
national5km,5,pm25_ug_m3,1–5,0.9,0,0,,,,False
national5km,5,pm25_ug_m3,5–20,0.8,0,0,,,,False
national5km,5,pm25_ug_m3,5–20,0.9,0,0,,,,False
national5km,5,pm25_ug_m3,20–50,0.8,0,0,,,,False
national5km,5,pm25_ug_m3,20–50,0.9,0,0,,,,False
national5km,5,pm25_ug_m3,50–100,0.8,0,0,,,,False
national5km,5,pm25_ug_m3,50–100,0.9,0,0,,,,False
national5km,5,pm25_ug_m3,100–250,0.8,0,0,,,,False
national5km,5,pm25_ug_m3,100–250,0.9,0,0,,,,False
national5km,5,pm25_ug_m3,250+,0.8,0,0,,,,False
national5km,5,pm25_ug_m3,250+,0.9,0,0,,,,False
national5km,5,pm10_ug_m3,0–1,0.8,0,0,,,,False
national5km,5,pm10_ug_m3,0–1,0.9,0,0,,,,False
national5km,5,pm10_ug_m3,1–5,0.8,0,0,,,,False
national5km,5,pm10_ug_m3,1–5,0.9,0,0,,,,False
national5km,5,pm10_ug_m3,5–20,0.8,0,0,,,,False
national5km,5,pm10_ug_m3,5–20,0.9,0,0,,,,False
national5km,5,pm10_ug_m3,20–50,0.8,0,0,,,,False
national5km,5,pm10_ug_m3,20–50,0.9,0,0,,,,False
national5km,5,pm10_ug_m3,50–100,0.8,0,0,,,,False
national5km,5,pm10_ug_m3,50–100,0.9,0,0,,,,False
national5km,5,pm10_ug_m3,100–250,0.8,0,0,,,,False
national5km,5,pm10_ug_m3,100–250,0.9,0,0,,,,False
national5km,5,pm10_ug_m3,250+,0.8,0,0,,,,False
national5km,5,pm10_ug_m3,250+,0.9,0,0,,,,False
national5km,5,wind_speed_mps,0–1,0.8,0,0,,,,False
national5km,5,wind_speed_mps,0–1,0.9,0,0,,,,False
national5km,5,wind_speed_mps,1–5,0.8,0,0,,,,False
national5km,5,wind_speed_mps,1–5,0.9,0,0,,,,False
national5km,5,wind_speed_mps,5–20,0.8,280,10,1.0,1.0,3.7072956562042236,False
national5km,5,wind_speed_mps,5–20,0.9,280,10,1.0,1.0,4.371125221252441,True
national5km,5,wind_speed_mps,20–50,0.8,0,0,,,,False
national5km,5,wind_speed_mps,20–50,0.9,0,0,,,,False
national5km,5,wind_speed_mps,50–100,0.8,0,0,,,,False
national5km,5,wind_speed_mps,50–100,0.9,0,0,,,,False
national5km,5,wind_speed_mps,100–250,0.8,0,0,,,,False
national5km,5,wind_speed_mps,100–250,0.9,0,0,,,,False
national5km,5,wind_speed_mps,250+,0.8,0,0,,,,False
national5km,5,wind_speed_mps,250+,0.9,0,0,,,,False
himalaya20km,2,temperature_c,0–1,0.8,0,0,,,,False
himalaya20km,2,temperature_c,0–1,0.9,0,0,,,,False
himalaya20km,2,temperature_c,1–5,0.8,0,0,,,,False
himalaya20km,2,temperature_c,1–5,0.9,0,0,,,,False
himalaya20km,2,temperature_c,5–20,0.8,0,0,,,,False
himalaya20km,2,temperature_c,5–20,0.9,0,0,,,,False
himalaya20km,2,temperature_c,20–50,0.8,0,0,,,,False
himalaya20km,2,temperature_c,20–50,0.9,0,0,,,,False
himalaya20km,2,temperature_c,50–100,0.8,0,0,,,,False
himalaya20km,2,temperature_c,50–100,0.9,0,0,,,,False
himalaya20km,2,temperature_c,100–250,0.8,0,0,,,,False
himalaya20km,2,temperature_c,100–250,0.9,0,0,,,,False
himalaya20km,2,temperature_c,250+,0.8,0,0,,,,False
himalaya20km,2,temperature_c,250+,0.9,0,0,,,,False
himalaya20km,2,relative_humidity_pct,0–1,0.8,0,0,,,,False
himalaya20km,2,relative_humidity_pct,0–1,0.9,0,0,,,,False
himalaya20km,2,relative_humidity_pct,1–5,0.8,0,0,,,,False
himalaya20km,2,relative_humidity_pct,1–5,0.9,0,0,,,,False
himalaya20km,2,relative_humidity_pct,5–20,0.8,0,0,,,,False
himalaya20km,2,relative_humidity_pct,5–20,0.9,0,0,,,,False
himalaya20km,2,relative_humidity_pct,20–50,0.8,0,0,,,,False
himalaya20km,2,relative_humidity_pct,20–50,0.9,0,0,,,,False
himalaya20km,2,relative_humidity_pct,50–100,0.8,0,0,,,,False
himalaya20km,2,relative_humidity_pct,50–100,0.9,0,0,,,,False
himalaya20km,2,relative_humidity_pct,100–250,0.8,0,0,,,,False
himalaya20km,2,relative_humidity_pct,100–250,0.9,0,0,,,,False
himalaya20km,2,relative_humidity_pct,250+,0.8,0,0,,,,False
himalaya20km,2,relative_humidity_pct,250+,0.9,0,0,,,,False
himalaya20km,2,pressure_hpa,0–1,0.8,0,0,,,,False
himalaya20km,2,pressure_hpa,0–1,0.9,0,0,,,,False
himalaya20km,2,pressure_hpa,1–5,0.8,0,0,,,,False
himalaya20km,2,pressure_hpa,1–5,0.9,0,0,,,,False
himalaya20km,2,pressure_hpa,5–20,0.8,0,0,,,,False
himalaya20km,2,pressure_hpa,5–20,0.9,0,0,,,,False
himalaya20km,2,pressure_hpa,20–50,0.8,0,0,,,,False
himalaya20km,2,pressure_hpa,20–50,0.9,0,0,,,,False
himalaya20km,2,pressure_hpa,50–100,0.8,0,0,,,,False
himalaya20km,2,pressure_hpa,50–100,0.9,0,0,,,,False
himalaya20km,2,pressure_hpa,100–250,0.8,0,0,,,,False
himalaya20km,2,pressure_hpa,100–250,0.9,0,0,,,,False
himalaya20km,2,pressure_hpa,250+,0.8,0,0,,,,False
himalaya20km,2,pressure_hpa,250+,0.9,0,0,,,,False
himalaya20km,2,pm25_ug_m3,0–1,0.8,0,0,,,,False
himalaya20km,2,pm25_ug_m3,0–1,0.9,0,0,,,,False
himalaya20km,2,pm25_ug_m3,1–5,0.8,0,0,,,,False
himalaya20km,2,pm25_ug_m3,1–5,0.9,0,0,,,,False
himalaya20km,2,pm25_ug_m3,5–20,0.8,0,0,,,,False
himalaya20km,2,pm25_ug_m3,5–20,0.9,0,0,,,,False
himalaya20km,2,pm25_ug_m3,20–50,0.8,0,0,,,,False
himalaya20km,2,pm25_ug_m3,20–50,0.9,0,0,,,,False
himalaya20km,2,pm25_ug_m3,50–100,0.8,0,0,,,,False
himalaya20km,2,pm25_ug_m3,50–100,0.9,0,0,,,,False
himalaya20km,2,pm25_ug_m3,100–250,0.8,0,0,,,,False
himalaya20km,2,pm25_ug_m3,100–250,0.9,0,0,,,,False
himalaya20km,2,pm25_ug_m3,250+,0.8,0,0,,,,False
himalaya20km,2,pm25_ug_m3,250+,0.9,0,0,,,,False
himalaya20km,2,pm10_ug_m3,0–1,0.8,0,0,,,,False
himalaya20km,2,pm10_ug_m3,0–1,0.9,0,0,,,,False
himalaya20km,2,pm10_ug_m3,1–5,0.8,0,0,,,,False
himalaya20km,2,pm10_ug_m3,1–5,0.9,0,0,,,,False
himalaya20km,2,pm10_ug_m3,5–20,0.8,0,0,,,,False
himalaya20km,2,pm10_ug_m3,5–20,0.9,0,0,,,,False
himalaya20km,2,pm10_ug_m3,20–50,0.8,0,0,,,,False
himalaya20km,2,pm10_ug_m3,20–50,0.9,0,0,,,,False
himalaya20km,2,pm10_ug_m3,50–100,0.8,0,0,,,,False
himalaya20km,2,pm10_ug_m3,50–100,0.9,0,0,,,,False
himalaya20km,2,pm10_ug_m3,100–250,0.8,0,0,,,,False
himalaya20km,2,pm10_ug_m3,100–250,0.9,0,0,,,,False
himalaya20km,2,pm10_ug_m3,250+,0.8,0,0,,,,False
himalaya20km,2,pm10_ug_m3,250+,0.9,0,0,,,,False
himalaya20km,2,wind_speed_mps,0–1,0.8,0,0,,,,False
himalaya20km,2,wind_speed_mps,0–1,0.9,0,0,,,,False
himalaya20km,2,wind_speed_mps,1–5,0.8,0,0,,,,False
himalaya20km,2,wind_speed_mps,1–5,0.9,0,0,,,,False
himalaya20km,2,wind_speed_mps,5–20,0.8,0,0,,,,False
himalaya20km,2,wind_speed_mps,5–20,0.9,0,0,,,,False
himalaya20km,2,wind_speed_mps,20–50,0.8,0,0,,,,False
himalaya20km,2,wind_speed_mps,20–50,0.9,0,0,,,,False
himalaya20km,2,wind_speed_mps,50–100,0.8,0,0,,,,False
himalaya20km,2,wind_speed_mps,50–100,0.9,0,0,,,,False
himalaya20km,2,wind_speed_mps,100–250,0.8,0,0,,,,False
himalaya20km,2,wind_speed_mps,100–250,0.9,0,0,,,,False
himalaya20km,2,wind_speed_mps,250+,0.8,0,0,,,,False
himalaya20km,2,wind_speed_mps,250+,0.9,0,0,,,,False
himalaya20km,3,temperature_c,0–1,0.8,0,0,,,,False
himalaya20km,3,temperature_c,0–1,0.9,0,0,,,,False
himalaya20km,3,temperature_c,1–5,0.8,0,0,,,,False
himalaya20km,3,temperature_c,1–5,0.9,0,0,,,,False
himalaya20km,3,temperature_c,5–20,0.8,0,0,,,,False
himalaya20km,3,temperature_c,5–20,0.9,0,0,,,,False
himalaya20km,3,temperature_c,20–50,0.8,0,0,,,,False
himalaya20km,3,temperature_c,20–50,0.9,0,0,,,,False
himalaya20km,3,temperature_c,50–100,0.8,0,0,,,,False
himalaya20km,3,temperature_c,50–100,0.9,0,0,,,,False
himalaya20km,3,temperature_c,100–250,0.8,0,0,,,,False
himalaya20km,3,temperature_c,100–250,0.9,0,0,,,,False
himalaya20km,3,temperature_c,250+,0.8,0,0,,,,False
himalaya20km,3,temperature_c,250+,0.9,0,0,,,,False
himalaya20km,3,relative_humidity_pct,0–1,0.8,0,0,,,,False
himalaya20km,3,relative_humidity_pct,0–1,0.9,0,0,,,,False
himalaya20km,3,relative_humidity_pct,1–5,0.8,0,0,,,,False
himalaya20km,3,relative_humidity_pct,1–5,0.9,0,0,,,,False
himalaya20km,3,relative_humidity_pct,5–20,0.8,0,0,,,,False
himalaya20km,3,relative_humidity_pct,5–20,0.9,0,0,,,,False
himalaya20km,3,relative_humidity_pct,20–50,0.8,0,0,,,,False
himalaya20km,3,relative_humidity_pct,20–50,0.9,0,0,,,,False
himalaya20km,3,relative_humidity_pct,50–100,0.8,0,0,,,,False
himalaya20km,3,relative_humidity_pct,50–100,0.9,0,0,,,,False
himalaya20km,3,relative_humidity_pct,100–250,0.8,0,0,,,,False
himalaya20km,3,relative_humidity_pct,100–250,0.9,0,0,,,,False
himalaya20km,3,relative_humidity_pct,250+,0.8,0,0,,,,False
himalaya20km,3,relative_humidity_pct,250+,0.9,0,0,,,,False
himalaya20km,3,pressure_hpa,0–1,0.8,0,0,,,,False
himalaya20km,3,pressure_hpa,0–1,0.9,0,0,,,,False
himalaya20km,3,pressure_hpa,1–5,0.8,0,0,,,,False
himalaya20km,3,pressure_hpa,1–5,0.9,0,0,,,,False
himalaya20km,3,pressure_hpa,5–20,0.8,0,0,,,,False
himalaya20km,3,pressure_hpa,5–20,0.9,0,0,,,,False
himalaya20km,3,pressure_hpa,20–50,0.8,0,0,,,,False
himalaya20km,3,pressure_hpa,20–50,0.9,0,0,,,,False
himalaya20km,3,pressure_hpa,50–100,0.8,0,0,,,,False
himalaya20km,3,pressure_hpa,50–100,0.9,0,0,,,,False
himalaya20km,3,pressure_hpa,100–250,0.8,0,0,,,,False
himalaya20km,3,pressure_hpa,100–250,0.9,0,0,,,,False
himalaya20km,3,pressure_hpa,250+,0.8,0,0,,,,False
himalaya20km,3,pressure_hpa,250+,0.9,0,0,,,,False
himalaya20km,3,pm25_ug_m3,0–1,0.8,0,0,,,,False
himalaya20km,3,pm25_ug_m3,0–1,0.9,0,0,,,,False
himalaya20km,3,pm25_ug_m3,1–5,0.8,0,0,,,,False
himalaya20km,3,pm25_ug_m3,1–5,0.9,0,0,,,,False
himalaya20km,3,pm25_ug_m3,5–20,0.8,0,0,,,,False
himalaya20km,3,pm25_ug_m3,5–20,0.9,0,0,,,,False
himalaya20km,3,pm25_ug_m3,20–50,0.8,0,0,,,,False
himalaya20km,3,pm25_ug_m3,20–50,0.9,0,0,,,,False
himalaya20km,3,pm25_ug_m3,50–100,0.8,0,0,,,,False
himalaya20km,3,pm25_ug_m3,50–100,0.9,0,0,,,,False
himalaya20km,3,pm25_ug_m3,100–250,0.8,0,0,,,,False
himalaya20km,3,pm25_ug_m3,100–250,0.9,0,0,,,,False
himalaya20km,3,pm25_ug_m3,250+,0.8,0,0,,,,False
himalaya20km,3,pm25_ug_m3,250+,0.9,0,0,,,,False
himalaya20km,3,pm10_ug_m3,0–1,0.8,0,0,,,,False
himalaya20km,3,pm10_ug_m3,0–1,0.9,0,0,,,,False
himalaya20km,3,pm10_ug_m3,1–5,0.8,0,0,,,,False
himalaya20km,3,pm10_ug_m3,1–5,0.9,0,0,,,,False
himalaya20km,3,pm10_ug_m3,5–20,0.8,0,0,,,,False
himalaya20km,3,pm10_ug_m3,5–20,0.9,0,0,,,,False
himalaya20km,3,pm10_ug_m3,20–50,0.8,0,0,,,,False
himalaya20km,3,pm10_ug_m3,20–50,0.9,0,0,,,,False
himalaya20km,3,pm10_ug_m3,50–100,0.8,0,0,,,,False
himalaya20km,3,pm10_ug_m3,50–100,0.9,0,0,,,,False
himalaya20km,3,pm10_ug_m3,100–250,0.8,0,0,,,,False
himalaya20km,3,pm10_ug_m3,100–250,0.9,0,0,,,,False
himalaya20km,3,pm10_ug_m3,250+,0.8,0,0,,,,False
himalaya20km,3,pm10_ug_m3,250+,0.9,0,0,,,,False
himalaya20km,3,wind_speed_mps,0–1,0.8,0,0,,,,False
himalaya20km,3,wind_speed_mps,0–1,0.9,0,0,,,,False
himalaya20km,3,wind_speed_mps,1–5,0.8,0,0,,,,False
himalaya20km,3,wind_speed_mps,1–5,0.9,0,0,,,,False
himalaya20km,3,wind_speed_mps,5–20,0.8,0,0,,,,False
himalaya20km,3,wind_speed_mps,5–20,0.9,0,0,,,,False
himalaya20km,3,wind_speed_mps,20–50,0.8,0,0,,,,False
himalaya20km,3,wind_speed_mps,20–50,0.9,0,0,,,,False
himalaya20km,3,wind_speed_mps,50–100,0.8,0,0,,,,False
himalaya20km,3,wind_speed_mps,50–100,0.9,0,0,,,,False
himalaya20km,3,wind_speed_mps,100–250,0.8,0,0,,,,False
himalaya20km,3,wind_speed_mps,100–250,0.9,0,0,,,,False
himalaya20km,3,wind_speed_mps,250+,0.8,0,0,,,,False
himalaya20km,3,wind_speed_mps,250+,0.9,0,0,,,,False
himalaya20km,4,temperature_c,0–1,0.8,0,0,,,,False
himalaya20km,4,temperature_c,0–1,0.9,0,0,,,,False
himalaya20km,4,temperature_c,1–5,0.8,0,0,,,,False
himalaya20km,4,temperature_c,1–5,0.9,0,0,,,,False
himalaya20km,4,temperature_c,5–20,0.8,0,0,,,,False
himalaya20km,4,temperature_c,5–20,0.9,0,0,,,,False
himalaya20km,4,temperature_c,20–50,0.8,0,0,,,,False
himalaya20km,4,temperature_c,20–50,0.9,0,0,,,,False
himalaya20km,4,temperature_c,50–100,0.8,0,0,,,,False
himalaya20km,4,temperature_c,50–100,0.9,0,0,,,,False
himalaya20km,4,temperature_c,100–250,0.8,0,0,,,,False
himalaya20km,4,temperature_c,100–250,0.9,0,0,,,,False
himalaya20km,4,temperature_c,250+,0.8,0,0,,,,False
himalaya20km,4,temperature_c,250+,0.9,0,0,,,,False
himalaya20km,4,relative_humidity_pct,0–1,0.8,0,0,,,,False
himalaya20km,4,relative_humidity_pct,0–1,0.9,0,0,,,,False
himalaya20km,4,relative_humidity_pct,1–5,0.8,0,0,,,,False
himalaya20km,4,relative_humidity_pct,1–5,0.9,0,0,,,,False
himalaya20km,4,relative_humidity_pct,5–20,0.8,0,0,,,,False
himalaya20km,4,relative_humidity_pct,5–20,0.9,0,0,,,,False
himalaya20km,4,relative_humidity_pct,20–50,0.8,0,0,,,,False
himalaya20km,4,relative_humidity_pct,20–50,0.9,0,0,,,,False
himalaya20km,4,relative_humidity_pct,50–100,0.8,0,0,,,,False
himalaya20km,4,relative_humidity_pct,50–100,0.9,0,0,,,,False
himalaya20km,4,relative_humidity_pct,100–250,0.8,0,0,,,,False
himalaya20km,4,relative_humidity_pct,100–250,0.9,0,0,,,,False
himalaya20km,4,relative_humidity_pct,250+,0.8,0,0,,,,False
himalaya20km,4,relative_humidity_pct,250+,0.9,0,0,,,,False
himalaya20km,4,pressure_hpa,0–1,0.8,0,0,,,,False
himalaya20km,4,pressure_hpa,0–1,0.9,0,0,,,,False
himalaya20km,4,pressure_hpa,1–5,0.8,0,0,,,,False
himalaya20km,4,pressure_hpa,1–5,0.9,0,0,,,,False
himalaya20km,4,pressure_hpa,5–20,0.8,0,0,,,,False
himalaya20km,4,pressure_hpa,5–20,0.9,0,0,,,,False
himalaya20km,4,pressure_hpa,20–50,0.8,0,0,,,,False
himalaya20km,4,pressure_hpa,20–50,0.9,0,0,,,,False
himalaya20km,4,pressure_hpa,50–100,0.8,0,0,,,,False
himalaya20km,4,pressure_hpa,50–100,0.9,0,0,,,,False
himalaya20km,4,pressure_hpa,100–250,0.8,0,0,,,,False
himalaya20km,4,pressure_hpa,100–250,0.9,0,0,,,,False
himalaya20km,4,pressure_hpa,250+,0.8,0,0,,,,False
himalaya20km,4,pressure_hpa,250+,0.9,0,0,,,,False
himalaya20km,4,pm25_ug_m3,0–1,0.8,0,0,,,,False
himalaya20km,4,pm25_ug_m3,0–1,0.9,0,0,,,,False
himalaya20km,4,pm25_ug_m3,1–5,0.8,0,0,,,,False
himalaya20km,4,pm25_ug_m3,1–5,0.9,0,0,,,,False
himalaya20km,4,pm25_ug_m3,5–20,0.8,0,0,,,,False
himalaya20km,4,pm25_ug_m3,5–20,0.9,0,0,,,,False
himalaya20km,4,pm25_ug_m3,20–50,0.8,0,0,,,,False
himalaya20km,4,pm25_ug_m3,20–50,0.9,0,0,,,,False
himalaya20km,4,pm25_ug_m3,50–100,0.8,0,0,,,,False
himalaya20km,4,pm25_ug_m3,50–100,0.9,0,0,,,,False
himalaya20km,4,pm25_ug_m3,100–250,0.8,0,0,,,,False
himalaya20km,4,pm25_ug_m3,100–250,0.9,0,0,,,,False
himalaya20km,4,pm25_ug_m3,250+,0.8,0,0,,,,False
himalaya20km,4,pm25_ug_m3,250+,0.9,0,0,,,,False
himalaya20km,4,pm10_ug_m3,0–1,0.8,0,0,,,,False
himalaya20km,4,pm10_ug_m3,0–1,0.9,0,0,,,,False
himalaya20km,4,pm10_ug_m3,1–5,0.8,0,0,,,,False
himalaya20km,4,pm10_ug_m3,1–5,0.9,0,0,,,,False
himalaya20km,4,pm10_ug_m3,5–20,0.8,0,0,,,,False
himalaya20km,4,pm10_ug_m3,5–20,0.9,0,0,,,,False
himalaya20km,4,pm10_ug_m3,20–50,0.8,0,0,,,,False
himalaya20km,4,pm10_ug_m3,20–50,0.9,0,0,,,,False
himalaya20km,4,pm10_ug_m3,50–100,0.8,0,0,,,,False
himalaya20km,4,pm10_ug_m3,50–100,0.9,0,0,,,,False
himalaya20km,4,pm10_ug_m3,100–250,0.8,0,0,,,,False
himalaya20km,4,pm10_ug_m3,100–250,0.9,0,0,,,,False
himalaya20km,4,pm10_ug_m3,250+,0.8,0,0,,,,False
himalaya20km,4,pm10_ug_m3,250+,0.9,0,0,,,,False
himalaya20km,4,wind_speed_mps,0–1,0.8,0,0,,,,False
himalaya20km,4,wind_speed_mps,0–1,0.9,0,0,,,,False
himalaya20km,4,wind_speed_mps,1–5,0.8,0,0,,,,False
himalaya20km,4,wind_speed_mps,1–5,0.9,0,0,,,,False
himalaya20km,4,wind_speed_mps,5–20,0.8,0,0,,,,False
himalaya20km,4,wind_speed_mps,5–20,0.9,0,0,,,,False
himalaya20km,4,wind_speed_mps,20–50,0.8,0,0,,,,False
himalaya20km,4,wind_speed_mps,20–50,0.9,0,0,,,,False
himalaya20km,4,wind_speed_mps,50–100,0.8,0,0,,,,False
himalaya20km,4,wind_speed_mps,50–100,0.9,0,0,,,,False
himalaya20km,4,wind_speed_mps,100–250,0.8,0,0,,,,False
himalaya20km,4,wind_speed_mps,100–250,0.9,0,0,,,,False
himalaya20km,4,wind_speed_mps,250+,0.8,0,0,,,,False
himalaya20km,4,wind_speed_mps,250+,0.9,0,0,,,,False
himalaya20km,5,temperature_c,0–1,0.8,0,0,,,,False
himalaya20km,5,temperature_c,0–1,0.9,0,0,,,,False
himalaya20km,5,temperature_c,1–5,0.8,0,0,,,,False
himalaya20km,5,temperature_c,1–5,0.9,0,0,,,,False
himalaya20km,5,temperature_c,5–20,0.8,0,0,,,,False
himalaya20km,5,temperature_c,5–20,0.9,0,0,,,,False
himalaya20km,5,temperature_c,20–50,0.8,0,0,,,,False
himalaya20km,5,temperature_c,20–50,0.9,0,0,,,,False
himalaya20km,5,temperature_c,50–100,0.8,0,0,,,,False
himalaya20km,5,temperature_c,50–100,0.9,0,0,,,,False
himalaya20km,5,temperature_c,100–250,0.8,0,0,,,,False
himalaya20km,5,temperature_c,100–250,0.9,0,0,,,,False
himalaya20km,5,temperature_c,250+,0.8,0,0,,,,False
himalaya20km,5,temperature_c,250+,0.9,0,0,,,,False
himalaya20km,5,relative_humidity_pct,0–1,0.8,0,0,,,,False
himalaya20km,5,relative_humidity_pct,0–1,0.9,0,0,,,,False
himalaya20km,5,relative_humidity_pct,1–5,0.8,0,0,,,,False
himalaya20km,5,relative_humidity_pct,1–5,0.9,0,0,,,,False
himalaya20km,5,relative_humidity_pct,5–20,0.8,0,0,,,,False
himalaya20km,5,relative_humidity_pct,5–20,0.9,0,0,,,,False
himalaya20km,5,relative_humidity_pct,20–50,0.8,0,0,,,,False
himalaya20km,5,relative_humidity_pct,20–50,0.9,0,0,,,,False
himalaya20km,5,relative_humidity_pct,50–100,0.8,0,0,,,,False
himalaya20km,5,relative_humidity_pct,50–100,0.9,0,0,,,,False
himalaya20km,5,relative_humidity_pct,100–250,0.8,0,0,,,,False
himalaya20km,5,relative_humidity_pct,100–250,0.9,0,0,,,,False
himalaya20km,5,relative_humidity_pct,250+,0.8,0,0,,,,False
himalaya20km,5,relative_humidity_pct,250+,0.9,0,0,,,,False
himalaya20km,5,pressure_hpa,0–1,0.8,0,0,,,,False
himalaya20km,5,pressure_hpa,0–1,0.9,0,0,,,,False
himalaya20km,5,pressure_hpa,1–5,0.8,0,0,,,,False
himalaya20km,5,pressure_hpa,1–5,0.9,0,0,,,,False
himalaya20km,5,pressure_hpa,5–20,0.8,0,0,,,,False
himalaya20km,5,pressure_hpa,5–20,0.9,0,0,,,,False
himalaya20km,5,pressure_hpa,20–50,0.8,0,0,,,,False
himalaya20km,5,pressure_hpa,20–50,0.9,0,0,,,,False
himalaya20km,5,pressure_hpa,50–100,0.8,0,0,,,,False
himalaya20km,5,pressure_hpa,50–100,0.9,0,0,,,,False
himalaya20km,5,pressure_hpa,100–250,0.8,0,0,,,,False
himalaya20km,5,pressure_hpa,100–250,0.9,0,0,,,,False
himalaya20km,5,pressure_hpa,250+,0.8,0,0,,,,False
himalaya20km,5,pressure_hpa,250+,0.9,0,0,,,,False
himalaya20km,5,pm25_ug_m3,0–1,0.8,0,0,,,,False
himalaya20km,5,pm25_ug_m3,0–1,0.9,0,0,,,,False
himalaya20km,5,pm25_ug_m3,1–5,0.8,0,0,,,,False
himalaya20km,5,pm25_ug_m3,1–5,0.9,0,0,,,,False
himalaya20km,5,pm25_ug_m3,5–20,0.8,0,0,,,,False
himalaya20km,5,pm25_ug_m3,5–20,0.9,0,0,,,,False
himalaya20km,5,pm25_ug_m3,20–50,0.8,0,0,,,,False
himalaya20km,5,pm25_ug_m3,20–50,0.9,0,0,,,,False
himalaya20km,5,pm25_ug_m3,50–100,0.8,0,0,,,,False
himalaya20km,5,pm25_ug_m3,50–100,0.9,0,0,,,,False
himalaya20km,5,pm25_ug_m3,100–250,0.8,0,0,,,,False
himalaya20km,5,pm25_ug_m3,100–250,0.9,0,0,,,,False
himalaya20km,5,pm25_ug_m3,250+,0.8,0,0,,,,False
himalaya20km,5,pm25_ug_m3,250+,0.9,0,0,,,,False
himalaya20km,5,pm10_ug_m3,0–1,0.8,0,0,,,,False
himalaya20km,5,pm10_ug_m3,0–1,0.9,0,0,,,,False
himalaya20km,5,pm10_ug_m3,1–5,0.8,0,0,,,,False
himalaya20km,5,pm10_ug_m3,1–5,0.9,0,0,,,,False
himalaya20km,5,pm10_ug_m3,5–20,0.8,0,0,,,,False
himalaya20km,5,pm10_ug_m3,5–20,0.9,0,0,,,,False
himalaya20km,5,pm10_ug_m3,20–50,0.8,0,0,,,,False
himalaya20km,5,pm10_ug_m3,20–50,0.9,0,0,,,,False
himalaya20km,5,pm10_ug_m3,50–100,0.8,0,0,,,,False
himalaya20km,5,pm10_ug_m3,50–100,0.9,0,0,,,,False
himalaya20km,5,pm10_ug_m3,100–250,0.8,0,0,,,,False
himalaya20km,5,pm10_ug_m3,100–250,0.9,0,0,,,,False
himalaya20km,5,pm10_ug_m3,250+,0.8,0,0,,,,False
himalaya20km,5,pm10_ug_m3,250+,0.9,0,0,,,,False
himalaya20km,5,wind_speed_mps,0–1,0.8,0,0,,,,False
himalaya20km,5,wind_speed_mps,0–1,0.9,0,0,,,,False
himalaya20km,5,wind_speed_mps,1–5,0.8,0,0,,,,False
himalaya20km,5,wind_speed_mps,1–5,0.9,0,0,,,,False
himalaya20km,5,wind_speed_mps,5–20,0.8,0,0,,,,False
himalaya20km,5,wind_speed_mps,5–20,0.9,0,0,,,,False
himalaya20km,5,wind_speed_mps,20–50,0.8,0,0,,,,False
himalaya20km,5,wind_speed_mps,20–50,0.9,0,0,,,,False
himalaya20km,5,wind_speed_mps,50–100,0.8,0,0,,,,False
himalaya20km,5,wind_speed_mps,50–100,0.9,0,0,,,,False
himalaya20km,5,wind_speed_mps,100–250,0.8,0,0,,,,False
himalaya20km,5,wind_speed_mps,100–250,0.9,0,0,,,,False
himalaya20km,5,wind_speed_mps,250+,0.8,0,0,,,,False
himalaya20km,5,wind_speed_mps,250+,0.9,0,0,,,,False
