scope,neighbors,target,method,rows,stations,mae,rmse,mae_ci_lower,mae_ci_upper,residual_loses_to_this_method,domain
national5km,2,temperature_c,physics_residual,8313,70,1.7345387935638428,2.352576971054077,1.5297881096601487,1.964427924156189,False,common archive test cohort
national5km,2,temperature_c,physics_baseline,8313,70,2.1593880653381348,2.897224187850952,1.8466783106327056,2.4360611677169803,False,common archive test cohort
national5km,2,temperature_c,idw,8313,70,2.6956429481506348,3.7701096534729004,2.2089925825595857,3.185984951257706,False,common archive test cohort
national5km,2,temperature_c,nearest_node,8313,70,2.799013614654541,3.9282143115997314,2.2720604717731474,3.248128962516785,False,common archive test cohort
national5km,2,temperature_c,node_mean,8313,70,2.676518678665161,3.7207462787628174,2.254490441083908,3.2061509788036346,False,common archive test cohort
national5km,2,temperature_c,neighbor_idw_persistence_1h,8313,70,2.6964614391326904,4.084321022033691,2.1878716945648193,3.4943031489849092,False,common archive test cohort
national5km,2,relative_humidity_pct,physics_residual,8305,70,10.871088981628418,15.717188835144043,9.24333336353302,13.467315483093262,False,common archive test cohort
national5km,2,relative_humidity_pct,physics_baseline,8305,70,13.796911239624023,19.108592987060547,11.469159054756165,16.422287797927858,False,common archive test cohort
national5km,2,relative_humidity_pct,idw,8305,70,10.767545700073242,14.709111213684082,9.490626287460326,12.479637050628662,True,common archive test cohort
national5km,2,relative_humidity_pct,nearest_node,8305,70,11.692031860351562,15.977784156799316,10.231938028335572,13.494021368026734,False,common archive test cohort
national5km,2,relative_humidity_pct,node_mean,8305,70,10.543206214904785,14.470556259155273,9.32541184425354,12.270463633537293,True,common archive test cohort
national5km,2,relative_humidity_pct,neighbor_idw_persistence_1h,8305,70,11.096077919006348,14.990429878234863,9.749071621894837,12.876404929161072,False,common archive test cohort
national5km,2,pressure_hpa,physics_residual,2688,31,4.059268951416016,7.32059907913208,2.2173138558864594,6.685710501670838,False,common archive test cohort
national5km,2,pressure_hpa,physics_baseline,2688,31,4.059268951416016,7.32059907913208,2.2173138558864594,6.685710501670838,False,common archive test cohort
national5km,2,pressure_hpa,idw,2688,31,36.5414924621582,71.12853240966797,14.692890286445618,68.99850387573242,False,common archive test cohort
national5km,2,pressure_hpa,nearest_node,2688,31,35.09214782714844,67.7296371459961,14.274243354797363,63.079187965393075,False,common archive test cohort
national5km,2,pressure_hpa,node_mean,2688,31,39.447357177734375,73.1043472290039,16.207289147377015,71.54339656829835,False,common archive test cohort
national5km,2,pressure_hpa,neighbor_idw_persistence_1h,0,0,,,,,False,common archive test cohort
national5km,2,wind_speed_mps,physics_residual,8207,67,0.907955527305603,1.4886996746063232,0.7907545506954193,1.012196496129036,False,common archive test cohort
national5km,2,wind_speed_mps,physics_baseline,8207,67,1.053937554359436,1.7208822965621948,0.895673693716526,1.2119841039180757,False,common archive test cohort
national5km,2,wind_speed_mps,idw,8207,67,1.053937554359436,1.7208822965621948,0.895673693716526,1.2119841039180757,False,common archive test cohort
national5km,2,wind_speed_mps,nearest_node,8207,67,1.1075159311294556,1.8367196321487427,0.9519756808876991,1.2725405633449556,False,common archive test cohort
national5km,2,wind_speed_mps,node_mean,8207,67,1.0611997842788696,1.7122756242752075,0.8998701766133308,1.2158186227083208,False,common archive test cohort
national5km,2,wind_speed_mps,neighbor_idw_persistence_1h,8207,67,1.453328251838684,2.0143532752990723,1.3165661454200746,1.5989944458007814,False,common archive test cohort
national5km,3,temperature_c,physics_residual,8313,70,1.6814671754837036,2.2675304412841797,1.5030398279428483,1.8478419154882433,False,common archive test cohort
national5km,3,temperature_c,physics_baseline,8313,70,2.099552869796753,2.8047561645507812,1.8055815607309342,2.385725200176239,False,common archive test cohort
national5km,3,temperature_c,idw,8313,70,2.6045467853546143,3.663573741912842,2.1565226137638094,3.1182322025299074,False,common archive test cohort
national5km,3,temperature_c,nearest_node,8313,70,2.799013614654541,3.9282143115997314,2.2720604717731474,3.248128962516785,False,common archive test cohort
national5km,3,temperature_c,node_mean,8313,70,2.617859363555908,3.683587074279785,2.199179482460022,3.1820030689239505,False,common archive test cohort
national5km,3,temperature_c,neighbor_idw_persistence_1h,8313,70,2.6566922664642334,4.067211627960205,2.1434044182300567,3.47121325135231,False,common archive test cohort
national5km,3,relative_humidity_pct,physics_residual,8305,70,10.682080268859863,15.55979061126709,9.033934855461121,13.336396360397341,False,common archive test cohort
national5km,3,relative_humidity_pct,physics_baseline,8305,70,13.681007385253906,19.02195930480957,11.31382234096527,16.698429155349732,False,common archive test cohort
national5km,3,relative_humidity_pct,idw,8305,70,10.568864822387695,14.481964111328125,9.208876037597657,12.248195838928222,True,common archive test cohort
national5km,3,relative_humidity_pct,nearest_node,8305,70,11.692031860351562,15.977784156799316,10.231938028335572,13.494021368026734,False,common archive test cohort
national5km,3,relative_humidity_pct,node_mean,8305,70,10.276874542236328,14.196489334106445,8.937049889564515,12.012015700340273,True,common archive test cohort
national5km,3,relative_humidity_pct,neighbor_idw_persistence_1h,8305,70,10.765664100646973,14.579480171203613,9.493788409233094,12.470085382461548,False,common archive test cohort
national5km,3,pressure_hpa,physics_residual,2688,31,4.065303325653076,7.002357006072998,2.380234408378601,6.3341777443885805,False,common archive test cohort
national5km,3,pressure_hpa,physics_baseline,2688,31,3.860074043273926,6.934595108032227,2.12194277048111,6.137654125690461,True,common archive test cohort
national5km,3,pressure_hpa,idw,2688,31,36.637054443359375,69.83584594726562,14.945077061653137,67.48761997222901,False,common archive test cohort
national5km,3,pressure_hpa,nearest_node,2688,31,35.09214782714844,67.7296371459961,14.274243354797363,63.079187965393075,False,common archive test cohort
national5km,3,pressure_hpa,node_mean,2688,31,42.45958709716797,72.48509979248047,21.824772310256957,72.46625194549561,False,common archive test cohort
national5km,3,pressure_hpa,neighbor_idw_persistence_1h,0,0,,,,,False,common archive test cohort
national5km,3,wind_speed_mps,physics_residual,8207,67,0.8941711783409119,1.4691095352172852,0.7768422827124596,0.9961722165346146,False,common archive test cohort
national5km,3,wind_speed_mps,physics_baseline,8207,67,1.0030139684677124,1.644162893295288,0.8544121786952019,1.1531979084014894,False,common archive test cohort
national5km,3,wind_speed_mps,idw,8207,67,1.0030139684677124,1.644162893295288,0.8544121786952019,1.1531979084014894,False,common archive test cohort
national5km,3,wind_speed_mps,nearest_node,8207,67,1.1075159311294556,1.8367196321487427,0.9519756808876991,1.2725405633449556,False,common archive test cohort
national5km,3,wind_speed_mps,node_mean,8207,67,0.9786712527275085,1.5988448858261108,0.8478480234742165,1.1278311282396316,False,common archive test cohort
national5km,3,wind_speed_mps,neighbor_idw_persistence_1h,8207,67,1.4259923696517944,1.9590399265289307,1.2954363912343978,1.5690147310495377,False,common archive test cohort
national5km,4,temperature_c,physics_residual,8313,70,1.6481008529663086,2.2180426120758057,1.4681762337684632,1.8393723875284196,False,common archive test cohort
national5km,4,temperature_c,physics_baseline,8313,70,2.0574405193328857,2.7417354583740234,1.7744248628616333,2.346037083864212,False,common archive test cohort
national5km,4,temperature_c,idw,8313,70,2.581623077392578,3.6735098361968994,2.1219542324543,3.1475347578525543,False,common archive test cohort
national5km,4,temperature_c,nearest_node,8313,70,2.799013614654541,3.9282143115997314,2.2720604717731474,3.248128962516785,False,common archive test cohort
national5km,4,temperature_c,node_mean,8313,70,2.5872936248779297,3.708505630493164,2.1907288134098053,3.252302396297455,False,common archive test cohort
national5km,4,temperature_c,neighbor_idw_persistence_1h,8313,70,2.6134581565856934,4.03553581237793,2.125136613845825,3.454282194375992,False,common archive test cohort
national5km,4,relative_humidity_pct,physics_residual,8305,70,10.689934730529785,15.583956718444824,9.063916301727295,13.43541660308838,False,common archive test cohort
national5km,4,relative_humidity_pct,physics_baseline,8305,70,13.632162094116211,18.924968719482422,11.348831391334533,16.70806336402893,False,common archive test cohort
national5km,4,relative_humidity_pct,idw,8305,70,10.41685962677002,14.28662109375,9.107546091079712,12.141717433929443,True,common archive test cohort
national5km,4,relative_humidity_pct,nearest_node,8305,70,11.692031860351562,15.977784156799316,10.231938028335572,13.494021368026734,False,common archive test cohort
national5km,4,relative_humidity_pct,node_mean,8305,70,10.136499404907227,13.983043670654297,8.808560943603515,11.951053047180178,True,common archive test cohort
national5km,4,relative_humidity_pct,neighbor_idw_persistence_1h,8305,70,10.642460823059082,14.442126274108887,9.366280221939087,12.398063683509827,True,common archive test cohort
national5km,4,pressure_hpa,physics_residual,2688,31,3.75175404548645,6.539791584014893,2.122720646858215,5.825724804401398,False,common archive test cohort
national5km,4,pressure_hpa,physics_baseline,2688,31,3.75175404548645,6.539791584014893,2.122720646858215,5.825724804401398,False,common archive test cohort
national5km,4,pressure_hpa,idw,2688,31,36.84201431274414,71.07579803466797,14.529653716087342,67.55488395690921,False,common archive test cohort
national5km,4,pressure_hpa,nearest_node,2688,31,35.09214782714844,67.7296371459961,14.274243354797363,63.079187965393075,False,common archive test cohort
national5km,4,pressure_hpa,node_mean,2688,31,43.873504638671875,74.88853454589844,23.768465757369995,75.27964496612549,False,common archive test cohort
national5km,4,pressure_hpa,neighbor_idw_persistence_1h,0,0,,,,,False,common archive test cohort
national5km,4,wind_speed_mps,physics_residual,8207,67,0.8743249773979187,1.4469467401504517,0.7704905584454537,0.9764235258102417,False,common archive test cohort
national5km,4,wind_speed_mps,physics_baseline,8207,67,0.9653751254081726,1.5978602170944214,0.8363068193197251,1.118281751871109,False,common archive test cohort
national5km,4,wind_speed_mps,idw,8207,67,0.9653751254081726,1.5978602170944214,0.8363068193197251,1.118281751871109,False,common archive test cohort
national5km,4,wind_speed_mps,nearest_node,8207,67,1.1075159311294556,1.8367196321487427,0.9519756808876991,1.2725405633449556,False,common archive test cohort
national5km,4,wind_speed_mps,node_mean,8207,67,0.9246054887771606,1.5376678705215454,0.8163867056369781,1.0585112243890762,False,common archive test cohort
national5km,4,wind_speed_mps,neighbor_idw_persistence_1h,8207,67,1.412348747253418,1.9319977760314941,1.2819287955760956,1.5579511612653731,False,common archive test cohort
national5km,5,temperature_c,physics_residual,8313,70,1.6839085817337036,2.260815382003784,1.4839741855859756,1.8709855645895004,False,common archive test cohort
national5km,5,temperature_c,physics_baseline,8313,70,2.042360305786133,2.7188966274261475,1.7480616956949233,2.318374860286713,False,common archive test cohort
national5km,5,temperature_c,idw,8313,70,2.5623629093170166,3.6858794689178467,2.112453556060791,3.138517546653748,False,common archive test cohort
national5km,5,temperature_c,nearest_node,8313,70,2.799013614654541,3.9282143115997314,2.2720604717731474,3.248128962516785,False,common archive test cohort
national5km,5,temperature_c,node_mean,8313,70,2.5770444869995117,3.7727015018463135,2.1460351943969727,3.2501391053199766,False,common archive test cohort
national5km,5,temperature_c,neighbor_idw_persistence_1h,8313,70,2.5972094535827637,4.039409160614014,2.1083224952220916,3.4362294733524323,False,common archive test cohort
national5km,5,relative_humidity_pct,physics_residual,8305,70,10.507685661315918,15.42935848236084,8.834516072273255,13.329273462295532,False,common archive test cohort
national5km,5,relative_humidity_pct,physics_baseline,8305,70,13.513711929321289,18.785869598388672,11.177320766448975,16.571533536911012,False,common archive test cohort
national5km,5,relative_humidity_pct,idw,8305,70,10.332134246826172,14.158209800720215,9.078083515167236,12.107118058204652,True,common archive test cohort
national5km,5,relative_humidity_pct,nearest_node,8305,70,11.692031860351562,15.977784156799316,10.231938028335572,13.494021368026734,False,common archive test cohort
national5km,5,relative_humidity_pct,node_mean,8305,70,10.10877513885498,13.826498031616211,8.840179324150085,11.961290478706362,True,common archive test cohort
national5km,5,relative_humidity_pct,neighbor_idw_persistence_1h,8305,70,10.612488746643066,14.415300369262695,9.32130675315857,12.364407920837403,False,common archive test cohort
national5km,5,pressure_hpa,physics_residual,2688,31,3.6993908882141113,6.460159778594971,2.069153332710266,5.721413207054138,False,common archive test cohort
national5km,5,pressure_hpa,physics_baseline,2688,31,3.6993908882141113,6.460159778594971,2.069153332710266,5.721413207054138,False,common archive test cohort
national5km,5,pressure_hpa,idw,2688,31,36.68165588378906,71.7770767211914,13.979849219322205,68.70094242095949,False,common archive test cohort
national5km,5,pressure_hpa,nearest_node,2688,31,35.09214782714844,67.7296371459961,14.274243354797363,63.079187965393075,False,common archive test cohort
national5km,5,pressure_hpa,node_mean,2688,31,43.29133987426758,75.96372985839844,22.994863510131836,77.1856824874878,False,common archive test cohort
national5km,5,pressure_hpa,neighbor_idw_persistence_1h,0,0,,,,,False,common archive test cohort
national5km,5,wind_speed_mps,physics_residual,8207,67,0.866337239742279,1.4479999542236328,0.7591148048639298,0.9714570268988609,False,common archive test cohort
national5km,5,wind_speed_mps,physics_baseline,8207,67,0.9424965977668762,1.5732688903808594,0.815737521648407,1.0967252135276795,False,common archive test cohort
national5km,5,wind_speed_mps,idw,8207,67,0.9424965977668762,1.5732688903808594,0.815737521648407,1.0967252135276795,False,common archive test cohort
national5km,5,wind_speed_mps,nearest_node,8207,67,1.1075159311294556,1.8367196321487427,0.9519756808876991,1.2725405633449556,False,common archive test cohort
national5km,5,wind_speed_mps,node_mean,8207,67,0.8999650478363037,1.5157883167266846,0.8022499516606331,1.034404981136322,False,common archive test cohort
national5km,5,wind_speed_mps,neighbor_idw_persistence_1h,8207,67,1.3963003158569336,1.9078102111816406,1.267922282218933,1.5341541349887848,False,common archive test cohort
himalaya20km,2,temperature_c,physics_residual,1878,16,4.5074849128723145,5.81542444229126,3.5366334080696107,5.520514440536499,False,common archive test cohort
himalaya20km,2,temperature_c,physics_baseline,1878,16,4.942341327667236,6.186215400695801,4.099541485309601,5.844154489040376,False,common archive test cohort
himalaya20km,2,temperature_c,idw,1878,16,8.5402193069458,10.676497459411621,6.231511950492859,11.741459798812867,False,common archive test cohort
himalaya20km,2,temperature_c,nearest_node,1878,16,8.325416564941406,10.353055000305176,6.167373144626618,11.25544490814209,False,common archive test cohort
himalaya20km,2,temperature_c,node_mean,1878,16,8.93791675567627,11.00281810760498,6.549421334266663,12.215313601493836,False,common archive test cohort
himalaya20km,2,temperature_c,neighbor_idw_persistence_1h,1878,16,6.822472095489502,8.797220230102539,4.749440824985504,9.782207798957824,False,common archive test cohort
himalaya20km,2,relative_humidity_pct,physics_residual,1869,16,21.763242721557617,30.37383270263672,14.882246565818786,30.960747671127322,False,common archive test cohort
himalaya20km,2,relative_humidity_pct,physics_baseline,1869,16,22.552833557128906,31.39447593688965,15.67618465423584,31.711351633071903,False,common archive test cohort
himalaya20km,2,relative_humidity_pct,idw,1869,16,16.49904441833496,22.23065185546875,13.230608034133912,20.277967262268067,True,common archive test cohort
himalaya20km,2,relative_humidity_pct,nearest_node,1869,16,16.953006744384766,23.36091423034668,13.50569314956665,21.104351568222047,True,common archive test cohort
himalaya20km,2,relative_humidity_pct,node_mean,1869,16,16.129838943481445,21.349931716918945,13.378096652030944,19.528953933715822,True,common archive test cohort
himalaya20km,2,relative_humidity_pct,neighbor_idw_persistence_1h,1869,16,18.22036361694336,24.453556060791016,14.571100354194641,22.0384090423584,True,common archive test cohort
himalaya20km,2,pressure_hpa,physics_residual,1240,8,18.945018768310547,37.44571304321289,6.0228077411651615,44.587406730651864,False,common archive test cohort
himalaya20km,2,pressure_hpa,physics_baseline,1240,8,18.63705825805664,37.88565444946289,5.265717279911041,43.78779973983766,True,common archive test cohort
himalaya20km,2,pressure_hpa,idw,1240,8,117.68714904785156,149.89627075195312,65.92472076416016,210.5805843353272,False,common archive test cohort
himalaya20km,2,pressure_hpa,nearest_node,1240,8,119.23152923583984,151.53021240234375,67.29865264892578,211.99224052429201,False,common archive test cohort
himalaya20km,2,pressure_hpa,node_mean,1240,8,115.42903137207031,147.8653106689453,63.93724431991577,208.0444347381592,False,common archive test cohort
himalaya20km,2,pressure_hpa,neighbor_idw_persistence_1h,0,0,,,,,False,common archive test cohort
himalaya20km,2,wind_speed_mps,physics_residual,1904,16,0.6105213165283203,0.9767933487892151,0.447779580950737,0.8192538291215897,False,common archive test cohort
himalaya20km,2,wind_speed_mps,physics_baseline,1904,16,0.6321043372154236,0.9541056156158447,0.4949811056256294,0.772315774857998,False,common archive test cohort
himalaya20km,2,wind_speed_mps,idw,1904,16,0.6321043372154236,0.9541056156158447,0.4949811056256294,0.772315774857998,False,common archive test cohort
himalaya20km,2,wind_speed_mps,nearest_node,1904,16,0.788672924041748,1.2096269130706787,0.57572201192379,0.9541571363806726,False,common archive test cohort
himalaya20km,2,wind_speed_mps,node_mean,1904,16,0.6877275705337524,0.9507668018341064,0.5875842705368995,0.8252875298261643,False,common archive test cohort
himalaya20km,2,wind_speed_mps,neighbor_idw_persistence_1h,1904,16,1.4415870904922485,1.7227977514266968,1.3087618440389632,1.6146473705768587,False,common archive test cohort
himalaya20km,3,temperature_c,physics_residual,1878,16,4.733945369720459,6.056249141693115,3.711128884553909,5.8404237747192385,False,common archive test cohort
himalaya20km,3,temperature_c,physics_baseline,1878,16,5.188648223876953,6.43341064453125,4.293255615234375,6.076050472259522,False,common archive test cohort
himalaya20km,3,temperature_c,idw,1878,16,8.868309020996094,10.98694133758545,6.432949697971344,12.191412925720215,False,common archive test cohort
himalaya20km,3,temperature_c,nearest_node,1878,16,8.325416564941406,10.353055000305176,6.167373144626618,11.25544490814209,False,common archive test cohort
himalaya20km,3,temperature_c,node_mean,1878,16,9.677085876464844,11.63735580444336,7.116180002689362,13.121830368041993,False,common archive test cohort
himalaya20km,3,temperature_c,neighbor_idw_persistence_1h,1878,16,6.912424087524414,8.907649040222168,4.810160553455352,9.902666020393372,False,common archive test cohort
himalaya20km,3,relative_humidity_pct,physics_residual,1869,16,21.543020248413086,30.022541046142578,14.882844066619873,30.225052785873416,False,common archive test cohort
himalaya20km,3,relative_humidity_pct,physics_baseline,1869,16,22.375112533569336,31.212886810302734,15.517089772224427,31.483920574188236,False,common archive test cohort
himalaya20km,3,relative_humidity_pct,idw,1869,16,16.478553771972656,21.950336456298828,13.391006183624267,20.038776016235353,True,common archive test cohort
himalaya20km,3,relative_humidity_pct,nearest_node,1869,16,16.953006744384766,23.36091423034668,13.50569314956665,21.104351568222047,True,common archive test cohort
himalaya20km,3,relative_humidity_pct,node_mean,1869,16,16.150348663330078,20.692537307739258,13.767440891265869,18.820699357986452,True,common archive test cohort
himalaya20km,3,relative_humidity_pct,neighbor_idw_persistence_1h,1869,16,18.056001663208008,24.296592712402344,14.386737608909607,21.97669939994812,True,common archive test cohort
himalaya20km,3,pressure_hpa,physics_residual,1240,8,18.794506072998047,37.68195343017578,5.3797008156776425,43.82394752502442,False,common archive test cohort
himalaya20km,3,pressure_hpa,physics_baseline,1240,8,18.577659606933594,37.92292022705078,5.113053584098816,43.81572599411012,True,common archive test cohort
himalaya20km,3,pressure_hpa,idw,1240,8,116.58079528808594,148.9873504638672,64.7411880493164,209.2445781707764,False,common archive test cohort
himalaya20km,3,pressure_hpa,nearest_node,1240,8,119.23152923583984,151.53021240234375,67.29865264892578,211.99224052429201,False,common archive test cohort
himalaya20km,3,pressure_hpa,node_mean,1240,8,113.15263366699219,145.92446899414062,61.587440490722656,205.51067848205568,False,common archive test cohort
himalaya20km,3,pressure_hpa,neighbor_idw_persistence_1h,0,0,,,,,False,common archive test cohort
himalaya20km,3,wind_speed_mps,physics_residual,1904,16,0.6748945116996765,1.015953540802002,0.5238912224769592,0.8171947702765466,False,common archive test cohort
himalaya20km,3,wind_speed_mps,physics_baseline,1904,16,0.7402420043945312,1.0632357597351074,0.6055737808346748,0.837072466313839,False,common archive test cohort
himalaya20km,3,wind_speed_mps,idw,1904,16,0.7402420043945312,1.0632357597351074,0.6055737808346748,0.837072466313839,False,common archive test cohort
himalaya20km,3,wind_speed_mps,nearest_node,1904,16,0.788672924041748,1.2096269130706787,0.57572201192379,0.9541571363806726,False,common archive test cohort
himalaya20km,3,wind_speed_mps,node_mean,1904,16,0.8227240443229675,1.0903517007827759,0.7373078748583793,0.9064042404294015,False,common archive test cohort
himalaya20km,3,wind_speed_mps,neighbor_idw_persistence_1h,1904,16,1.4363396167755127,1.7062404155731201,1.299930039048195,1.6052845597267151,False,common archive test cohort
himalaya20km,4,temperature_c,physics_residual,1878,16,4.7671332359313965,6.092112064361572,3.72085587978363,5.944314730167389,False,common archive test cohort
himalaya20km,4,temperature_c,physics_baseline,1878,16,5.278082847595215,6.52191162109375,4.333209586143494,6.219137728214264,False,common archive test cohort
himalaya20km,4,temperature_c,idw,1878,16,8.935172080993652,10.966938018798828,6.542394375801086,12.168255591392517,False,common archive test cohort
himalaya20km,4,temperature_c,nearest_node,1878,16,8.325416564941406,10.353055000305176,6.167373144626618,11.25544490814209,False,common archive test cohort
himalaya20km,4,temperature_c,node_mean,1878,16,10.076739311218262,11.8593168258667,7.580443501472473,13.384603142738342,False,common archive test cohort
himalaya20km,4,temperature_c,neighbor_idw_persistence_1h,1878,16,7.019187927246094,9.027275085449219,4.894855427742004,10.037205648422242,False,common archive test cohort
himalaya20km,4,relative_humidity_pct,physics_residual,1869,16,21.365711212158203,29.843542098999023,14.732092428207398,29.853727293014533,False,common archive test cohort
himalaya20km,4,relative_humidity_pct,physics_baseline,1869,16,22.38913917541504,31.164134979248047,15.478902053833007,31.642815494537356,False,common archive test cohort
himalaya20km,4,relative_humidity_pct,idw,1869,16,16.435941696166992,21.86377716064453,13.166955304145812,20.239747905731203,True,common archive test cohort
himalaya20km,4,relative_humidity_pct,nearest_node,1869,16,16.953006744384766,23.36091423034668,13.50569314956665,21.104351568222047,True,common archive test cohort
himalaya20km,4,relative_humidity_pct,node_mean,1869,16,16.287275314331055,20.67180824279785,13.718957901000977,19.08757510185242,True,common archive test cohort
himalaya20km,4,relative_humidity_pct,neighbor_idw_persistence_1h,1869,16,17.940961837768555,24.177978515625,14.277622270584107,21.8724262714386,True,common archive test cohort
himalaya20km,4,pressure_hpa,physics_residual,1240,8,19.121971130371094,37.524658203125,5.864664316177368,43.96900577545167,False,common archive test cohort
himalaya20km,4,pressure_hpa,physics_baseline,1240,8,18.52437973022461,37.90442657470703,5.09600168466568,43.92950162887574,True,common archive test cohort
himalaya20km,4,pressure_hpa,idw,1240,8,114.16120147705078,145.7891082763672,63.447848892211915,205.61950607299806,False,common archive test cohort
himalaya20km,4,pressure_hpa,nearest_node,1240,8,119.23152923583984,151.53021240234375,67.29865264892578,211.99224052429201,False,common archive test cohort
himalaya20km,4,pressure_hpa,node_mean,1240,8,109.72186279296875,141.68231201171875,59.388064002990724,200.09573249816896,False,common archive test cohort
himalaya20km,4,pressure_hpa,neighbor_idw_persistence_1h,0,0,,,,,False,common archive test cohort
himalaya20km,4,wind_speed_mps,physics_residual,1904,16,0.6303353309631348,0.9600009322166443,0.48811408430337905,0.7923174068331719,False,common archive test cohort
himalaya20km,4,wind_speed_mps,physics_baseline,1904,16,0.6821422576904297,0.9785612225532532,0.5593161553144455,0.793357039988041,False,common archive test cohort
himalaya20km,4,wind_speed_mps,idw,1904,16,0.6821422576904297,0.9785612225532532,0.5593161553144455,0.793357039988041,False,common archive test cohort
himalaya20km,4,wind_speed_mps,nearest_node,1904,16,0.788672924041748,1.2096269130706787,0.57572201192379,0.9541571363806726,False,common archive test cohort
himalaya20km,4,wind_speed_mps,node_mean,1904,16,0.8038383722305298,1.0201332569122314,0.7188872456550598,0.906241522729397,False,common archive test cohort
himalaya20km,4,wind_speed_mps,neighbor_idw_persistence_1h,1904,16,1.428285002708435,1.6908866167068481,1.292140966653824,1.592882889509201,False,common archive test cohort
himalaya20km,5,temperature_c,physics_residual,1878,16,4.765617847442627,6.113569736480713,3.714583468437195,5.969341552257538,False,common archive test cohort
himalaya20km,5,temperature_c,physics_baseline,1878,16,5.298396587371826,6.555376052856445,4.331817138195038,6.2619640827178955,False,common archive test cohort
himalaya20km,5,temperature_c,idw,1878,16,8.936152458190918,10.940603256225586,6.598016536235809,12.110806918144226,False,common archive test cohort
himalaya20km,5,temperature_c,nearest_node,1878,16,8.325416564941406,10.353055000305176,6.167373144626618,11.25544490814209,False,common archive test cohort
himalaya20km,5,temperature_c,node_mean,1878,16,10.173086166381836,11.881993293762207,7.760696661472321,13.349320602416993,False,common archive test cohort
himalaya20km,5,temperature_c,neighbor_idw_persistence_1h,1878,16,7.1264967918396,9.146260261535645,4.975799536705017,10.179612922668458,False,common archive test cohort
himalaya20km,5,relative_humidity_pct,physics_residual,1869,16,21.35032081604004,29.797332763671875,14.789348602294922,29.912564229965216,False,common archive test cohort
himalaya20km,5,relative_humidity_pct,physics_baseline,1869,16,22.294811248779297,31.078105926513672,15.340166187286377,31.721091651916506,False,common archive test cohort
himalaya20km,5,relative_humidity_pct,idw,1869,16,16.19599723815918,21.722957611083984,12.716952085494995,20.236161184310916,True,common archive test cohort
himalaya20km,5,relative_humidity_pct,nearest_node,1869,16,16.953006744384766,23.36091423034668,13.50569314956665,21.104351568222047,True,common archive test cohort
himalaya20km,5,relative_humidity_pct,node_mean,1869,16,16.00308609008789,20.61482048034668,12.98041636943817,19.185345363616946,True,common archive test cohort
himalaya20km,5,relative_humidity_pct,neighbor_idw_persistence_1h,1869,16,17.86334991455078,24.053560256958008,14.195831823349,21.822800540924074,True,common archive test cohort
himalaya20km,5,pressure_hpa,physics_residual,1240,8,19.047420501708984,37.44234085083008,5.711724066734314,43.88899621963502,False,common archive test cohort
himalaya20km,5,pressure_hpa,physics_baseline,1240,8,18.36094093322754,38.01203918457031,4.752238523960114,44.03229475021364,True,common archive test cohort
himalaya20km,5,pressure_hpa,idw,1240,8,112.81710815429688,143.99925231933594,62.69798908233643,203.8235866546631,False,common archive test cohort
himalaya20km,5,pressure_hpa,nearest_node,1240,8,119.23152923583984,151.53021240234375,67.29865264892578,211.99224052429201,False,common archive test cohort
himalaya20km,5,pressure_hpa,node_mean,1240,8,107.0954360961914,138.067138671875,57.9714653968811,196.51005172729492,False,common archive test cohort
himalaya20km,5,pressure_hpa,neighbor_idw_persistence_1h,0,0,,,,,False,common archive test cohort
himalaya20km,5,wind_speed_mps,physics_residual,1904,16,0.6119388341903687,0.9505672454833984,0.4710601195693016,0.8050735801458359,False,common archive test cohort
himalaya20km,5,wind_speed_mps,physics_baseline,1904,16,0.6475719809532166,0.9368607997894287,0.5360526666045189,0.7790795654058457,False,common archive test cohort
himalaya20km,5,wind_speed_mps,idw,1904,16,0.6475719809532166,0.9368607997894287,0.5360526666045189,0.7790795654058457,False,common archive test cohort
himalaya20km,5,wind_speed_mps,nearest_node,1904,16,0.788672924041748,1.2096269130706787,0.57572201192379,0.9541571363806726,False,common archive test cohort
himalaya20km,5,wind_speed_mps,node_mean,1904,16,0.7515685558319092,0.9638984799385071,0.6622175127267838,0.8627522394061089,False,common archive test cohort
himalaya20km,5,wind_speed_mps,neighbor_idw_persistence_1h,1904,16,1.4243550300598145,1.681965947151184,1.2874829173088074,1.5893912702798845,False,common archive test cohort
