timestamp_utc,available_at_utc,location_id,physical_site_id,source_id,country_code,latitude,longitude,elevation_m,elevation_datum,pressure_reference,climate_zone,interval_seconds,temperature_c,relative_humidity_pct,pressure_hpa,pm25_ug_m3,pm10_ug_m3,wind_speed_mps
2024-11-01 00:00:00+00:00,2024-11-01 00:00:00+00:00,synthetic_node,synthetic_site,indra_owner_nodes,IN,22.3362,73.2263,39.0,EGM96,station,Aw,3600,22.0,65.0,,,,3.0
2024-11-01 01:00:00+00:00,2024-11-01 01:00:00+00:00,synthetic_node,synthetic_site,indra_owner_nodes,IN,22.3362,73.2263,39.0,EGM96,station,Aw,3600,23.035276180410083,62.411809548974794,,,,3.0
2024-11-01 02:00:00+00:00,2024-11-01 02:00:00+00:00,synthetic_node,synthetic_site,indra_owner_nodes,IN,22.3362,73.2263,39.0,EGM96,station,Aw,3600,24.0,60.0,,,,3.0
2024-11-01 03:00:00+00:00,2024-11-01 03:00:00+00:00,synthetic_node,synthetic_site,indra_owner_nodes,IN,22.3362,73.2263,39.0,EGM96,station,Aw,3600,24.82842712474619,57.928932188134524,,,,3.0
2024-11-01 04:00:00+00:00,2024-11-01 04:00:00+00:00,synthetic_node,synthetic_site,indra_owner_nodes,IN,22.3362,73.2263,39.0,EGM96,station,Aw,3600,25.464101615137753,56.33974596215562,,,,3.0
2024-11-01 05:00:00+00:00,2024-11-01 05:00:00+00:00,synthetic_node,synthetic_site,indra_owner_nodes,IN,22.3362,73.2263,39.0,EGM96,station,Aw,3600,25.863703305156275,55.34074173710932,,,,3.0
2024-11-01 06:00:00+00:00,2024-11-01 06:00:00+00:00,synthetic_node,synthetic_site,indra_owner_nodes,IN,22.3362,73.2263,39.0,EGM96,station,Aw,3600,26.0,55.0,,,,3.0
2024-11-01 07:00:00+00:00,2024-11-01 07:00:00+00:00,synthetic_node,synthetic_site,indra_owner_nodes,IN,22.3362,73.2263,39.0,EGM96,station,Aw,3600,25.863703305156275,55.34074173710932,,,,3.0
2024-11-01 08:00:00+00:00,2024-11-01 08:00:00+00:00,synthetic_node,synthetic_site,indra_owner_nodes,IN,22.3362,73.2263,39.0,EGM96,station,Aw,3600,25.464101615137753,56.33974596215561,,,,3.0
2024-11-01 09:00:00+00:00,2024-11-01 09:00:00+00:00,synthetic_node,synthetic_site,indra_owner_nodes,IN,22.3362,73.2263,39.0,EGM96,station,Aw,3600,24.82842712474619,57.928932188134524,,,,3.0
2024-11-01 10:00:00+00:00,2024-11-01 10:00:00+00:00,synthetic_node,synthetic_site,indra_owner_nodes,IN,22.3362,73.2263,39.0,EGM96,station,Aw,3600,24.0,60.0,,,,3.0
2024-11-01 11:00:00+00:00,2024-11-01 11:00:00+00:00,synthetic_node,synthetic_site,indra_owner_nodes,IN,22.3362,73.2263,39.0,EGM96,station,Aw,3600,23.035276180410083,62.41180954897479,,,,3.0
2024-11-01 12:00:00+00:00,2024-11-01 12:00:00+00:00,synthetic_node,synthetic_site,indra_owner_nodes,IN,22.3362,73.2263,39.0,EGM96,station,Aw,3600,22.0,65.0,,,,3.0
2024-11-01 13:00:00+00:00,2024-11-01 13:00:00+00:00,synthetic_node,synthetic_site,indra_owner_nodes,IN,22.3362,73.2263,39.0,EGM96,station,Aw,3600,20.964723819589917,67.5881904510252,,,,3.0
2024-11-01 14:00:00+00:00,2024-11-01 14:00:00+00:00,synthetic_node,synthetic_site,indra_owner_nodes,IN,22.3362,73.2263,39.0,EGM96,station,Aw,3600,20.0,70.0,,,,3.0
2024-11-01 15:00:00+00:00,2024-11-01 15:00:00+00:00,synthetic_node,synthetic_site,indra_owner_nodes,IN,22.3362,73.2263,39.0,EGM96,station,Aw,3600,19.17157287525381,72.07106781186548,,,,3.0
2024-11-01 16:00:00+00:00,2024-11-01 16:00:00+00:00,synthetic_node,synthetic_site,indra_owner_nodes,IN,22.3362,73.2263,39.0,EGM96,station,Aw,3600,18.535898384862247,73.66025403784438,,,,3.0
2024-11-01 17:00:00+00:00,2024-11-01 17:00:00+00:00,synthetic_node,synthetic_site,indra_owner_nodes,IN,22.3362,73.2263,39.0,EGM96,station,Aw,3600,18.136296694843725,74.65925826289069,,,,3.0
2024-11-01 18:00:00+00:00,2024-11-01 18:00:00+00:00,synthetic_node,synthetic_site,indra_owner_nodes,IN,22.3362,73.2263,39.0,EGM96,station,Aw,3600,18.0,75.0,,,,3.0
2024-11-01 19:00:00+00:00,2024-11-01 19:00:00+00:00,synthetic_node,synthetic_site,indra_owner_nodes,IN,22.3362,73.2263,39.0,EGM96,station,Aw,3600,18.136296694843725,74.65925826289069,,,,3.0
2024-11-01 20:00:00+00:00,2024-11-01 20:00:00+00:00,synthetic_node,synthetic_site,indra_owner_nodes,IN,22.3362,73.2263,39.0,EGM96,station,Aw,3600,18.535898384862247,73.66025403784438,,,,3.0
2024-11-01 21:00:00+00:00,2024-11-01 21:00:00+00:00,synthetic_node,synthetic_site,indra_owner_nodes,IN,22.3362,73.2263,39.0,EGM96,station,Aw,3600,19.17157287525381,72.07106781186548,,,,3.0
2024-11-01 22:00:00+00:00,2024-11-01 22:00:00+00:00,synthetic_node,synthetic_site,indra_owner_nodes,IN,22.3362,73.2263,39.0,EGM96,station,Aw,3600,20.0,70.0,,,,3.0
2024-11-01 23:00:00+00:00,2024-11-01 23:00:00+00:00,synthetic_node,synthetic_site,indra_owner_nodes,IN,22.3362,73.2263,39.0,EGM96,station,Aw,3600,20.964723819589917,67.58819045102521,,,,3.0
2024-11-02 00:00:00+00:00,2024-11-02 00:00:00+00:00,synthetic_node,synthetic_site,indra_owner_nodes,IN,22.3362,73.2263,39.0,EGM96,station,Aw,3600,22.0,65.0,,,,3.0
2024-11-02 01:00:00+00:00,2024-11-02 01:00:00+00:00,synthetic_node,synthetic_site,indra_owner_nodes,IN,22.3362,73.2263,39.0,EGM96,station,Aw,3600,23.035276180410083,62.41180954897479,,,,3.0
2024-11-02 02:00:00+00:00,2024-11-02 02:00:00+00:00,synthetic_node,synthetic_site,indra_owner_nodes,IN,22.3362,73.2263,39.0,EGM96,station,Aw,3600,23.999999999999996,60.00000000000001,,,,3.0
2024-11-02 03:00:00+00:00,2024-11-02 03:00:00+00:00,synthetic_node,synthetic_site,indra_owner_nodes,IN,22.3362,73.2263,39.0,EGM96,station,Aw,3600,24.828427124746188,57.928932188134524,,,,3.0
2024-11-02 04:00:00+00:00,2024-11-02 04:00:00+00:00,synthetic_node,synthetic_site,indra_owner_nodes,IN,22.3362,73.2263,39.0,EGM96,station,Aw,3600,25.464101615137757,56.33974596215561,,,,3.0
2024-11-02 05:00:00+00:00,2024-11-02 05:00:00+00:00,synthetic_node,synthetic_site,indra_owner_nodes,IN,22.3362,73.2263,39.0,EGM96,station,Aw,3600,25.86370330515627,55.34074173710932,,,,3.0
