physical_site_id,rows,start_utc,end_utc
geo_0030504a0fb16a3b,4873,2023-01-01T01:00:00+00:00,2024-12-31T22:00:00+00:00
geo_0084a410e9571ac1,5748,2023-01-01T01:00:00+00:00,2024-12-31T22:00:00+00:00
geo_0147429d492eba18,11099,2023-01-01T01:00:00+00:00,2024-12-31T22:00:00+00:00
geo_01952dc8960f3a6a,2865,2023-01-01T04:00:00+00:00,2024-12-31T13:00:00+00:00
geo_019f26f12a360af1,12945,2023-01-01T01:00:00+00:00,2025-01-01T00:00:00+00:00
geo_02853b7b3c31755c,1224,2023-01-01T04:00:00+00:00,2024-12-31T13:00:00+00:00
geo_040265560a515d51,1163,2023-01-01T04:00:00+00:00,2024-12-31T13:00:00+00:00
geo_044b55770c113788,1279,2023-02-14T04:00:00+00:00,2024-12-31T13:00:00+00:00
geo_048c7673c1361fb4,21,2023-11-09T13:00:00+00:00,2024-08-14T04:00:00+00:00
geo_0552780fd14565a1,4175,2023-01-01T01:00:00+00:00,2024-12-31T16:00:00+00:00
geo_0599a5b1e6e0785e,2081,2023-01-01T04:00:00+00:00,2024-12-31T13:00:00+00:00
geo_05b1149d3f5c31e5,1296,2023-01-01T04:00:00+00:00,2024-12-31T13:00:00+00:00
geo_061096bc332e6df3,701,2023-01-01T04:00:00+00:00,2024-12-31T13:00:00+00:00
geo_074674a8f3f1ef05,2,2023-05-08T04:00:00+00:00,2024-07-02T19:00:00+00:00
geo_0751859fe6412247,7014,2023-01-01T04:00:00+00:00,2024-12-31T13:00:00+00:00
geo_09d60b0671ca6ce7,2750,2023-01-01T07:00:00+00:00,2024-12-31T13:00:00+00:00
geo_09f8a973437f2a3c,1441,2023-01-01T04:00:00+00:00,2024-12-31T13:00:00+00:00
geo_0aad022c0756fba1,1309,2023-01-01T04:00:00+00:00,2024-12-31T13:00:00+00:00
geo_0adeeab7121cc780,5557,2023-01-01T04:00:00+00:00,2024-12-31T13:00:00+00:00
geo_0b757a88a4d97c79,1960,2023-01-02T19:00:00+00:00,2024-12-31T14:00:00+00:00
geo_0bb550c17be6eec9,767,2023-01-01T13:00:00+00:00,2024-12-27T13:00:00+00:00
geo_0c5a43659192ba67,360,2023-01-04T04:00:00+00:00,2024-12-25T04:00:00+00:00
geo_0c9054008b756b59,1263,2023-01-01T04:00:00+00:00,2024-12-31T13:00:00+00:00
geo_0cf3e8a2a78304f4,352,2023-01-04T04:00:00+00:00,2024-12-25T04:00:00+00:00
geo_0d8cfa4552cb1f65,5730,2023-01-01T01:00:00+00:00,2024-12-31T22:00:00+00:00
geo_0f39bf23f55d4245,1006,2023-01-01T16:00:00+00:00,2024-12-31T13:00:00+00:00
geo_0fd6ace611451f58,385,2024-03-15T13:00:00+00:00,2024-12-31T13:00:00+00:00
geo_0feabc69e0cde829,13450,2023-01-01T01:00:00+00:00,2024-12-31T22:00:00+00:00
geo_10b9f29cf6350e51,5672,2023-01-01T01:00:00+00:00,2024-12-31T22:00:00+00:00
geo_11724bf5e8012037,5720,2023-01-01T01:00:00+00:00,2024-12-31T22:00:00+00:00
geo_12292f9d815d7f69,9124,2023-01-01T02:00:00+00:00,2024-12-31T13:00:00+00:00
geo_12c357ef6fd9ea3b,8103,2023-01-01T02:00:00+00:00,2024-12-31T13:00:00+00:00
geo_130f6ff5a489073e,1092,2023-01-01T04:00:00+00:00,2024-12-31T13:00:00+00:00
geo_13ff5aa11987c466,4339,2023-01-01T01:00:00+00:00,2024-12-31T16:00:00+00:00
geo_1408b22483d9ceb4,4473,2023-01-01T01:00:00+00:00,2024-12-31T13:00:00+00:00
geo_1489f775afe586bd,330,2023-01-04T04:00:00+00:00,2024-12-25T04:00:00+00:00
geo_14918e237ddaa922,3511,2023-01-01T01:00:00+00:00,2024-12-31T13:00:00+00:00
geo_152e16dc1c4db919,5702,2023-01-01T01:00:00+00:00,2024-12-31T22:00:00+00:00
geo_164dd836a43fa88f,1177,2023-01-01T13:00:00+00:00,2024-12-31T13:00:00+00:00
geo_16aca48cdf19aa05,1397,2023-01-01T04:00:00+00:00,2024-12-31T13:00:00+00:00
geo_172ed053926000da,1318,2023-01-01T04:00:00+00:00,2024-12-31T13:00:00+00:00
geo_175db7aa9a1e1aae,5999,2023-02-24T07:00:00+00:00,2024-12-31T11:00:00+00:00
geo_18420f953d686621,2847,2023-01-01T04:00:00+00:00,2024-12-31T13:00:00+00:00
geo_186e3b3f90be1c47,297,2024-07-06T04:00:00+00:00,2024-12-31T13:00:00+00:00
geo_1bcae6721908c49f,1901,2023-01-02T19:00:00+00:00,2024-12-30T22:00:00+00:00
geo_1c77941d52acb601,15030,2023-01-01T01:00:00+00:00,2024-12-31T13:00:00+00:00
geo_1caf9e5917d6ce7c,781,2023-01-06T13:00:00+00:00,2024-12-31T13:00:00+00:00
geo_1cd01635e4e73406,2214,2023-01-01T04:00:00+00:00,2024-12-31T13:00:00+00:00
geo_1cea6fbfb8524f7d,1065,2023-01-02T04:00:00+00:00,2024-12-31T13:00:00+00:00
geo_1ea79ddad966fea0,6889,2023-01-01T01:00:00+00:00,2024-12-31T22:00:00+00:00
geo_1ec77a5239dff22d,1402,2023-01-02T04:00:00+00:00,2024-12-31T13:00:00+00:00
geo_1f8a1b9a92f5c2ac,9799,2023-01-01T01:00:00+00:00,2025-01-01T00:00:00+00:00
geo_1fec7c6f2eea7d74,968,2023-03-18T04:00:00+00:00,2024-12-31T13:00:00+00:00
geo_2073b0628b411495,11493,2023-01-01T01:00:00+00:00,2024-12-31T16:00:00+00:00
geo_219a7f3e67ffa0b6,5656,2023-01-01T01:00:00+00:00,2024-12-31T22:00:00+00:00
geo_242597f7837e0f79,1328,2023-01-01T04:00:00+00:00,2024-12-31T13:00:00+00:00
geo_2470b36cb2960d27,10594,2023-01-01T01:00:00+00:00,2024-12-31T16:00:00+00:00
geo_257baaecfd3e047f,5740,2023-01-01T01:00:00+00:00,2024-12-31T22:00:00+00:00
geo_259101d635ee9647,4611,2023-01-01T03:00:00+00:00,2024-12-31T08:00:00+00:00
geo_269a5e07e3be922b,577,2023-01-02T04:00:00+00:00,2024-12-31T04:00:00+00:00
geo_271d9c6c384d12cf,5656,2023-01-01T01:00:00+00:00,2024-12-31T22:00:00+00:00
geo_282e14349f24dce4,5702,2023-01-01T01:00:00+00:00,2024-12-31T22:00:00+00:00
geo_292968be0f582e52,2805,2023-01-01T07:00:00+00:00,2024-12-31T13:00:00+00:00
geo_2a1711fc3a168f5a,5735,2023-01-01T01:00:00+00:00,2024-12-31T22:00:00+00:00
geo_2a526f928f571c4a,2823,2023-01-02T18:00:00+00:00,2024-12-31T14:00:00+00:00
geo_2bf96bc1aa220ba6,17399,2023-01-01T01:00:00+00:00,2025-01-01T00:00:00+00:00
geo_2d1166e5cfb95ef8,4032,2023-01-01T01:00:00+00:00,2024-12-31T22:00:00+00:00
geo_2f27d42aeb75dbac,16396,2023-01-01T01:00:00+00:00,2025-01-01T00:00:00+00:00
geo_2fc1d34e78c61f3a,2855,2023-01-01T04:00:00+00:00,2024-12-31T13:00:00+00:00
geo_329d6ef3ad945c2f,2731,2023-01-01T04:00:00+00:00,2024-12-31T13:00:00+00:00
geo_32c7eb1e840154f6,5650,2023-01-01T01:00:00+00:00,2024-12-31T22:00:00+00:00
geo_32cefb883d6ec3f4,5041,2023-01-01T01:00:00+00:00,2024-12-31T07:00:00+00:00
geo_33740f99d48aadb8,1386,2023-01-01T04:00:00+00:00,2024-12-31T13:00:00+00:00
geo_34796840742c5d0b,1211,2023-01-01T04:00:00+00:00,2024-12-31T13:00:00+00:00
geo_34977a818ab034a7,5673,2023-01-01T01:00:00+00:00,2024-12-31T22:00:00+00:00
geo_34e979dbdf185f14,5751,2023-01-01T01:00:00+00:00,2024-12-31T22:00:00+00:00
geo_352beb686a78e013,1427,2023-01-01T04:00:00+00:00,2024-12-31T13:00:00+00:00
geo_358b1dbedf202c4b,17341,2023-01-01T01:00:00+00:00,2025-01-01T00:00:00+00:00
geo_35e5f86c8e81a699,5458,2023-01-01T01:00:00+00:00,2024-12-31T22:00:00+00:00
geo_362544b7702f800a,574,2023-01-01T13:00:00+00:00,2024-12-28T13:00:00+00:00
geo_36711a8cc4af3e61,1724,2023-09-26T13:00:00+00:00,2024-12-31T13:00:00+00:00
geo_36cb0c330d94c218,5759,2023-01-01T01:00:00+00:00,2024-12-31T22:00:00+00:00
geo_36fbfdc6aa6e4620,5424,2023-01-01T01:00:00+00:00,2024-12-31T22:00:00+00:00
geo_392dfe33899c53b3,5732,2023-01-01T01:00:00+00:00,2024-12-31T22:00:00+00:00
geo_3a95d5f4e5357130,3748,2023-01-01T01:00:00+00:00,2024-12-31T16:00:00+00:00
geo_3c46c65110649786,1171,2023-01-01T04:00:00+00:00,2024-12-31T13:00:00+00:00
geo_3d786d63c3a1148a,2640,2023-01-02T18:00:00+00:00,2024-12-31T14:00:00+00:00
geo_3dd90074f01d9917,4600,2023-01-01T03:00:00+00:00,2024-12-31T10:00:00+00:00
geo_3f5627f65f8ca168,4829,2023-01-01T05:00:00+00:00,2024-12-31T13:00:00+00:00
geo_3f6710a3c111079f,5711,2023-01-01T01:00:00+00:00,2024-12-31T22:00:00+00:00
geo_4065069f91086507,4602,2023-01-10T04:00:00+00:00,2024-12-31T12:00:00+00:00
geo_4250322b070b3432,1319,2023-01-01T04:00:00+00:00,2024-12-31T13:00:00+00:00
geo_42d390f574b0f556,17046,2023-01-01T01:00:00+00:00,2025-01-01T00:00:00+00:00
geo_4375f6cc0b4603c5,7772,2023-01-01T03:00:00+00:00,2024-12-31T13:00:00+00:00
geo_438269e7196fbf57,1408,2023-01-01T04:00:00+00:00,2024-12-31T13:00:00+00:00
geo_44a7f6da647abc29,5748,2023-01-01T01:00:00+00:00,2024-12-31T22:00:00+00:00
geo_453562f218151286,304,2024-04-22T13:00:00+00:00,2024-12-31T04:00:00+00:00
geo_45634803ece19af2,1380,2023-01-01T04:00:00+00:00,2024-12-31T13:00:00+00:00
geo_4622ca1bdf6ededd,1437,2023-01-01T04:00:00+00:00,2024-12-31T13:00:00+00:00
geo_466ee015067f83a4,497,2023-01-01T04:00:00+00:00,2024-05-31T13:00:00+00:00
geo_46bce25c50b07e73,1079,2023-01-01T13:00:00+00:00,2024-12-31T13:00:00+00:00
geo_4731b9a43510f16b,2395,2023-01-02T18:00:00+00:00,2024-12-31T14:00:00+00:00
geo_47f00a02293503f8,1277,2023-01-01T04:00:00+00:00,2024-12-31T13:00:00+00:00
geo_48123eaef789f776,1349,2023-01-01T04:00:00+00:00,2024-12-31T13:00:00+00:00
geo_489bac8aab3a08f4,5703,2023-01-01T01:00:00+00:00,2024-12-31T22:00:00+00:00
geo_49105af32e03c37a,1068,2023-01-01T04:00:00+00:00,2024-09-18T13:00:00+00:00
geo_499700af878cd0b8,5714,2023-01-01T01:00:00+00:00,2024-12-31T19:00:00+00:00
geo_4ba3ee5543ff7a8c,3647,2023-01-01T05:00:00+00:00,2024-12-31T11:00:00+00:00
geo_4c2a108c76f49dd7,860,2023-01-01T04:00:00+00:00,2024-12-31T13:00:00+00:00
geo_4c58698f561c6ce1,2201,2023-01-02T19:00:00+00:00,2024-12-31T13:00:00+00:00
geo_4d52f9ee98948689,1305,2023-01-01T04:00:00+00:00,2024-12-31T13:00:00+00:00
geo_4d86b77b91cc35e4,157,2024-02-21T13:00:00+00:00,2024-12-30T13:00:00+00:00
geo_4e0865eaf3de67d2,1426,2023-01-01T04:00:00+00:00,2024-12-31T13:00:00+00:00
geo_5090a2757110ebf5,1,2024-06-27T04:00:00+00:00,2024-06-27T04:00:00+00:00
geo_5219a74c1d3ad94a,1282,2023-01-01T04:00:00+00:00,2024-12-31T04:00:00+00:00
geo_522bf97733675c21,1401,2023-01-01T04:00:00+00:00,2024-12-31T13:00:00+00:00
geo_52aa9db3947220d8,17440,2023-01-01T01:00:00+00:00,2025-01-01T00:00:00+00:00
geo_52d6c9617268be12,16766,2023-01-01T01:00:00+00:00,2025-01-01T00:00:00+00:00
geo_53d6da319ddfc709,4018,2023-01-01T01:00:00+00:00,2024-12-31T22:00:00+00:00
geo_5446e216d4e1fd39,12569,2023-01-01T01:00:00+00:00,2024-12-31T19:00:00+00:00
geo_547c61a5cfbac429,2761,2023-01-01T07:00:00+00:00,2024-12-31T13:00:00+00:00
geo_54f2d83e8bb920b3,1,2024-12-16T07:00:00+00:00,2024-12-16T07:00:00+00:00
geo_5584d57e5dc1af77,5725,2023-01-01T01:00:00+00:00,2024-12-31T22:00:00+00:00
geo_5660e4e86756a31e,1381,2023-01-01T04:00:00+00:00,2024-12-31T13:00:00+00:00
geo_57322a4cb2c91882,2750,2023-01-01T04:00:00+00:00,2024-12-31T13:00:00+00:00
geo_577d1f3802ad93fe,1412,2023-01-01T04:00:00+00:00,2024-12-31T13:00:00+00:00
geo_5b28346e8406ce79,1008,2023-01-01T04:00:00+00:00,2024-12-31T13:00:00+00:00
geo_5cb5167413d171bb,1378,2023-01-02T04:00:00+00:00,2024-12-31T13:00:00+00:00
geo_5d2bf7b1af2d664e,5613,2023-01-01T01:00:00+00:00,2024-12-31T22:00:00+00:00
geo_5d589fe00fa934e1,5755,2023-01-01T01:00:00+00:00,2024-12-31T22:00:00+00:00
geo_5d7e0404ed3262a5,11236,2023-01-01T01:00:00+00:00,2024-12-31T16:00:00+00:00
geo_5f482b0331e44b0d,1456,2023-01-01T04:00:00+00:00,2024-12-31T13:00:00+00:00
geo_5f6681a51a0e0a03,7206,2023-01-01T01:00:00+00:00,2024-12-27T15:00:00+00:00
geo_61b9d5ea9a999857,2,2023-05-26T04:00:00+00:00,2024-11-12T10:00:00+00:00
geo_626b566b37c359f9,2920,2023-01-01T04:00:00+00:00,2024-12-31T13:00:00+00:00
geo_65cc6b1a0b438e50,151,2023-12-04T04:00:00+00:00,2024-12-30T04:00:00+00:00
geo_669458332d10c0fa,1435,2023-01-01T04:00:00+00:00,2024-12-31T13:00:00+00:00
geo_6697b0d6b425168d,1269,2023-01-01T04:00:00+00:00,2024-12-31T13:00:00+00:00
geo_66f76d91ca1e434f,1328,2023-01-01T04:00:00+00:00,2024-12-31T13:00:00+00:00
geo_681453496015b281,250,2023-01-01T04:00:00+00:00,2024-04-02T13:00:00+00:00
geo_68d1dab51a16589d,910,2023-01-01T13:00:00+00:00,2024-12-31T13:00:00+00:00
geo_68d79aa2b77756f5,1248,2023-01-01T04:00:00+00:00,2024-12-31T13:00:00+00:00
geo_690b2040f490d06f,1372,2023-01-01T04:00:00+00:00,2024-12-31T13:00:00+00:00
geo_690ebbe14d0af6ae,5492,2023-01-01T04:00:00+00:00,2024-12-31T16:00:00+00:00
geo_6a9473b4e83d8c3a,14121,2023-01-01T01:00:00+00:00,2025-01-01T00:00:00+00:00
geo_6b0c3c5cf6d6f3d6,2924,2023-01-01T04:00:00+00:00,2024-12-31T13:00:00+00:00
geo_6b9603653db1de2c,5686,2023-01-01T01:00:00+00:00,2024-12-31T22:00:00+00:00
geo_6bf1f76cbb88d582,17374,2023-01-01T01:00:00+00:00,2025-01-01T00:00:00+00:00
geo_6bffb0ac4cb55ad7,1484,2023-01-02T19:00:00+00:00,2024-12-31T08:00:00+00:00
geo_6e39fedbc3f00838,2880,2023-01-01T04:00:00+00:00,2024-12-31T13:00:00+00:00
geo_6e60297e9274f169,5440,2023-01-01T01:00:00+00:00,2024-12-31T22:00:00+00:00
geo_6edf94a1ba69caf5,1360,2023-01-01T04:00:00+00:00,2024-12-31T13:00:00+00:00
geo_701d37cd9ec0befc,1431,2023-01-01T04:00:00+00:00,2024-12-31T04:00:00+00:00
geo_7025288c18853b77,2889,2023-01-01T04:00:00+00:00,2024-12-31T13:00:00+00:00
geo_70d0c5c8deb639ea,6793,2023-01-01T01:00:00+00:00,2024-12-31T22:00:00+00:00
geo_723c8cdaa51ad0c0,1387,2023-01-01T04:00:00+00:00,2024-12-31T13:00:00+00:00
geo_72e505e97e0f54f4,2887,2023-01-01T04:00:00+00:00,2024-12-31T13:00:00+00:00
geo_730368e8a90b483f,5651,2023-01-01T01:00:00+00:00,2024-12-31T22:00:00+00:00
geo_7411c3dc882ac7da,4563,2023-01-01T01:00:00+00:00,2024-12-31T13:00:00+00:00
geo_7481aa964fa057ed,1319,2023-01-01T04:00:00+00:00,2024-12-31T13:00:00+00:00
geo_75711b9461aa5f19,1234,2023-01-02T04:00:00+00:00,2024-12-31T13:00:00+00:00
geo_762885b6f06d869a,1050,2023-01-01T04:00:00+00:00,2024-12-31T13:00:00+00:00
geo_76f8623f5f44a842,17423,2023-01-01T01:00:00+00:00,2025-01-01T00:00:00+00:00
geo_7714e7b81dc1e0d6,1439,2023-01-01T04:00:00+00:00,2024-12-31T13:00:00+00:00
geo_778b4210a2b8813b,687,2023-01-04T13:00:00+00:00,2024-12-31T04:00:00+00:00
geo_7863d021ab28b574,17253,2023-01-01T01:00:00+00:00,2025-01-01T00:00:00+00:00
geo_79270080706ca71e,5757,2023-01-01T01:00:00+00:00,2024-12-31T22:00:00+00:00
geo_7ad96ef5adaae6e4,1003,2023-01-01T04:00:00+00:00,2024-12-31T13:00:00+00:00
geo_7ad9a2782198e59f,1419,2023-01-01T04:00:00+00:00,2024-12-31T13:00:00+00:00
geo_7ba7f34fe5726e37,19,2023-01-14T17:00:00+00:00,2024-08-31T09:00:00+00:00
geo_7c6bc8adee563ded,1437,2023-01-01T04:00:00+00:00,2024-12-31T13:00:00+00:00
geo_7d44020df600af6f,17055,2023-01-01T01:00:00+00:00,2025-01-01T00:00:00+00:00
geo_7de61f299dfdb064,5516,2023-01-01T01:00:00+00:00,2024-12-31T22:00:00+00:00
geo_7f095b767c948cd6,4082,2023-01-01T04:00:00+00:00,2024-12-31T13:00:00+00:00
geo_7f768e42a5ff019b,1243,2023-01-01T04:00:00+00:00,2024-12-31T07:00:00+00:00
geo_7fcf40d30a529cea,233,2023-01-07T04:00:00+00:00,2024-10-19T04:00:00+00:00
geo_7fd87abdcbe47bcc,5697,2023-01-01T01:00:00+00:00,2024-12-31T22:00:00+00:00
geo_80cda164bd446c02,2784,2023-01-01T04:00:00+00:00,2024-12-31T10:00:00+00:00
geo_82142e48d2021834,1423,2023-01-01T04:00:00+00:00,2024-12-31T13:00:00+00:00
geo_84ec8afe761a4909,1251,2023-01-01T04:00:00+00:00,2024-12-31T13:00:00+00:00
geo_851b9fb7b6c12592,1436,2023-01-01T04:00:00+00:00,2024-12-31T13:00:00+00:00
geo_8574d8cd7a146d1c,6198,2023-01-01T04:00:00+00:00,2024-12-31T13:00:00+00:00
geo_8657bbcead1eb628,3780,2023-01-01T04:00:00+00:00,2024-12-30T16:00:00+00:00
geo_89ecbf97062b740d,12676,2023-01-01T02:00:00+00:00,2024-12-31T18:00:00+00:00
geo_89fbc1abd6864ff4,2868,2023-01-01T04:00:00+00:00,2024-12-31T13:00:00+00:00
geo_8b63f9af8b29a554,1266,2023-01-01T04:00:00+00:00,2024-12-31T13:00:00+00:00
geo_8bf720746d13ef95,1291,2023-01-01T04:00:00+00:00,2024-12-31T13:00:00+00:00
geo_8c25ddc24ec48051,7449,2023-01-01T01:00:00+00:00,2024-12-31T22:00:00+00:00
geo_8c33ff19d80797db,1355,2023-01-01T04:00:00+00:00,2024-12-31T13:00:00+00:00
geo_8cbe283b9773f7d0,5572,2023-01-01T01:00:00+00:00,2024-12-31T22:00:00+00:00
geo_8de9ba6654909bbf,2295,2023-01-02T19:00:00+00:00,2024-12-31T07:00:00+00:00
geo_9083818008fc4d59,2885,2023-01-01T04:00:00+00:00,2024-12-31T13:00:00+00:00
geo_910f2908e09c1a4b,1440,2023-01-01T04:00:00+00:00,2024-12-31T13:00:00+00:00
geo_91121564e60b9108,693,2023-01-01T13:00:00+00:00,2024-12-28T13:00:00+00:00
geo_92468b5c737ea1f7,12146,2023-01-01T01:00:00+00:00,2024-12-31T17:00:00+00:00
geo_928d40002143afbc,1274,2023-01-01T04:00:00+00:00,2024-12-31T13:00:00+00:00
geo_92c2d00d60c06d47,501,2023-01-01T04:00:00+00:00,2024-12-31T13:00:00+00:00
geo_94f84367cecfef89,16964,2023-01-01T01:00:00+00:00,2025-01-01T00:00:00+00:00
geo_96025ae45b79f4e7,10663,2023-01-01T01:00:00+00:00,2024-12-31T16:00:00+00:00
geo_965d29def962f200,2221,2023-01-01T04:00:00+00:00,2024-12-31T13:00:00+00:00
geo_970057a63c082cb7,5816,2023-01-01T01:00:00+00:00,2024-12-31T22:00:00+00:00
geo_977e00a9451c8846,5747,2023-01-01T01:00:00+00:00,2024-12-31T22:00:00+00:00
geo_979c44e005f18492,6366,2023-01-01T04:00:00+00:00,2024-12-31T13:00:00+00:00
geo_97b03f335baa0f9b,17291,2023-01-01T01:00:00+00:00,2025-01-01T00:00:00+00:00
geo_98bec6bb61f6e7f6,1239,2023-01-01T04:00:00+00:00,2024-12-31T13:00:00+00:00
geo_992927cc86afa601,2873,2023-01-01T04:00:00+00:00,2024-12-31T13:00:00+00:00
geo_99d162084c90e3d3,1438,2023-01-01T04:00:00+00:00,2024-12-31T13:00:00+00:00
geo_9af312a767dbe3ea,1420,2023-01-01T04:00:00+00:00,2024-12-31T13:00:00+00:00
geo_9b91888368fafe1e,1,2024-10-28T19:00:00+00:00,2024-10-28T19:00:00+00:00
geo_9be7f53d7fb65096,2285,2023-01-02T18:00:00+00:00,2024-12-31T14:00:00+00:00
geo_9c49141a7bd76c6f,5660,2023-01-01T01:00:00+00:00,2024-12-31T22:00:00+00:00
geo_9c5fe43cd719ce92,6020,2023-01-01T02:00:00+00:00,2024-12-31T11:00:00+00:00
geo_9c8e873e6b96653d,2,2023-12-05T04:00:00+00:00,2024-12-28T04:00:00+00:00
geo_9cc4e760bf58de32,5607,2023-01-01T01:00:00+00:00,2024-12-31T22:00:00+00:00
geo_9daa77186e0c86bd,1391,2023-01-01T04:00:00+00:00,2024-12-31T13:00:00+00:00
geo_9fbb59d4687c56dd,2230,2023-01-02T19:00:00+00:00,2024-12-31T08:00:00+00:00
geo_a16440fa03b00733,9558,2023-03-22T06:00:00+00:00,2024-12-31T15:00:00+00:00
geo_a17b17657d69e42c,2222,2023-01-01T02:00:00+00:00,2024-12-27T17:00:00+00:00
geo_a260d4cc8bf77ee7,4842,2023-01-01T04:00:00+00:00,2024-12-31T13:00:00+00:00
geo_a2f4eff9d6863f43,935,2023-01-02T07:00:00+00:00,2024-12-31T10:00:00+00:00
geo_a3404f32c868fb0a,857,2023-01-01T04:00:00+00:00,2024-12-31T04:00:00+00:00
geo_a3efbfc7b9a1cd29,1162,2023-01-01T04:00:00+00:00,2024-12-31T13:00:00+00:00
geo_a41b95d8ff761e20,1284,2023-01-01T04:00:00+00:00,2024-12-31T13:00:00+00:00
geo_a439c42a82edb6cc,1302,2023-01-01T10:00:00+00:00,2024-12-31T13:00:00+00:00
geo_a663ce0a22224cc2,1437,2023-01-01T04:00:00+00:00,2024-12-31T13:00:00+00:00
geo_a75b53d8df6a7c93,5690,2023-01-01T01:00:00+00:00,2024-12-31T22:00:00+00:00
geo_a79aa58ade8fd443,1255,2023-01-01T04:00:00+00:00,2024-12-31T13:00:00+00:00
geo_a7e0d6f08a104cc1,5720,2023-01-01T01:00:00+00:00,2024-12-31T22:00:00+00:00
geo_aa91c43e1d6203df,1390,2023-01-01T04:00:00+00:00,2024-12-31T13:00:00+00:00
geo_ab656efa76d754e2,17416,2023-01-01T01:00:00+00:00,2025-01-01T00:00:00+00:00
geo_ad720559c64a399b,5391,2023-01-01T01:00:00+00:00,2024-12-31T22:00:00+00:00
geo_ae06fff00a1626b1,1440,2023-01-01T04:00:00+00:00,2024-12-31T13:00:00+00:00
geo_ae4a424bf703af0e,5733,2023-01-01T01:00:00+00:00,2024-12-31T22:00:00+00:00
geo_ae943b06d9d44892,2080,2023-01-01T04:00:00+00:00,2024-12-31T13:00:00+00:00
geo_af0fcb6d863ae6db,659,2023-01-01T04:00:00+00:00,2024-09-10T04:00:00+00:00
geo_af6fd2b47f74aea7,5749,2023-01-01T01:00:00+00:00,2024-12-31T22:00:00+00:00
geo_b000fcb355938ee5,1,2024-01-01T04:00:00+00:00,2024-01-01T04:00:00+00:00
geo_b08bbfd767662661,1308,2023-01-01T04:00:00+00:00,2024-12-31T13:00:00+00:00
geo_b0e9c1764ac3a6cd,1429,2023-01-01T04:00:00+00:00,2024-12-31T13:00:00+00:00
geo_b0fb59e97ae60936,1280,2023-01-01T04:00:00+00:00,2024-12-03T04:00:00+00:00
geo_b16fdc978ac649ba,5433,2023-01-01T01:00:00+00:00,2024-12-31T22:00:00+00:00
geo_b1e0889d704a2168,1368,2023-01-01T04:00:00+00:00,2024-12-31T13:00:00+00:00
geo_b2f97b338c3827aa,5678,2023-01-01T01:00:00+00:00,2024-12-31T22:00:00+00:00
geo_b30b9e49854f31f8,2815,2023-01-01T07:00:00+00:00,2024-12-31T13:00:00+00:00
geo_b39ea609b41ed002,99,2023-01-08T11:00:00+00:00,2024-01-18T08:00:00+00:00
geo_b48976f03f99e3bd,1052,2023-01-01T04:00:00+00:00,2024-12-31T13:00:00+00:00
geo_b4d93f4c1b2383c9,1434,2023-01-01T04:00:00+00:00,2024-12-31T13:00:00+00:00
geo_b5e1b3b996f46041,17378,2023-01-01T01:00:00+00:00,2025-01-01T00:00:00+00:00
geo_b72b6cac3078ba1e,5720,2023-01-01T01:00:00+00:00,2024-12-31T22:00:00+00:00
geo_b74b2319194674b4,11349,2023-01-01T01:00:00+00:00,2024-12-31T22:00:00+00:00
geo_b79247e0dd13c1eb,3677,2023-01-01T01:00:00+00:00,2024-12-31T16:00:00+00:00
geo_b839a05995f7eec0,5727,2023-01-01T01:00:00+00:00,2024-12-31T22:00:00+00:00
geo_b976bfa3efaeff08,897,2023-01-01T04:00:00+00:00,2024-12-31T13:00:00+00:00
geo_b9798d8f1633a96e,2903,2023-01-01T01:00:00+00:00,2024-12-31T13:00:00+00:00
geo_ba9fef71305c3fd7,1437,2023-01-01T04:00:00+00:00,2024-12-31T13:00:00+00:00
geo_baaa40aa4f0812a8,2868,2023-01-01T04:00:00+00:00,2024-12-31T13:00:00+00:00
geo_babb0e4925ed74b5,1322,2023-01-01T04:00:00+00:00,2024-12-31T13:00:00+00:00
geo_bb508bcc9c733689,1,2024-10-24T07:00:00+00:00,2024-10-24T07:00:00+00:00
geo_bb640ee08f7eb5f7,15359,2023-01-01T01:00:00+00:00,2025-01-01T00:00:00+00:00
geo_bba64f1bd66e3461,5744,2023-01-01T01:00:00+00:00,2024-12-31T22:00:00+00:00
geo_bbdc7d28e823a233,1338,2023-01-01T04:00:00+00:00,2024-12-31T13:00:00+00:00
geo_bc91dabca7f51671,1300,2023-01-01T04:00:00+00:00,2024-12-31T13:00:00+00:00
geo_bee867a1256061f4,5726,2023-01-01T01:00:00+00:00,2024-12-31T22:00:00+00:00
geo_bf5bc66c85da799c,3,2024-04-21T07:00:00+00:00,2024-10-21T02:00:00+00:00
geo_bfcd7de4685b0154,5506,2023-01-01T01:00:00+00:00,2024-12-31T22:00:00+00:00
geo_bff86f119fb5f00a,9,2023-04-18T13:00:00+00:00,2024-04-01T13:00:00+00:00
geo_c019cd334c9cf6b4,2869,2023-01-01T04:00:00+00:00,2024-12-31T13:00:00+00:00
geo_c0261881540e5b00,933,2023-01-02T04:00:00+00:00,2024-12-31T13:00:00+00:00
geo_c041f2105eca8983,5495,2023-01-01T01:00:00+00:00,2024-12-31T22:00:00+00:00
geo_c044862781054c57,646,2023-01-01T13:00:00+00:00,2024-12-28T13:00:00+00:00
geo_c2002604fe36b886,1317,2023-01-01T04:00:00+00:00,2024-12-31T13:00:00+00:00
geo_c26a7cf323a275eb,1440,2023-01-01T04:00:00+00:00,2024-12-31T13:00:00+00:00
geo_c2ac7a962433e025,1349,2023-01-01T04:00:00+00:00,2024-12-31T13:00:00+00:00
geo_c33cc3183f29da71,5364,2023-01-01T01:00:00+00:00,2024-12-31T22:00:00+00:00
geo_c3b1a8888ed50a4e,17400,2023-01-01T01:00:00+00:00,2025-01-01T00:00:00+00:00
geo_c3b6ebf1e0ade2cd,322,2024-07-06T04:00:00+00:00,2024-12-31T13:00:00+00:00
geo_c448f7ac70847a6c,1831,2023-01-01T04:00:00+00:00,2024-12-31T13:00:00+00:00
geo_c52e5e0574662f96,5690,2023-01-01T01:00:00+00:00,2024-12-31T22:00:00+00:00
geo_c543207ee64969da,12831,2023-01-01T01:00:00+00:00,2024-12-31T22:00:00+00:00
geo_c5d80b5edaa9ecb6,360,2023-01-04T04:00:00+00:00,2024-12-25T04:00:00+00:00
geo_c6140dd4e9602b56,17077,2023-01-01T01:00:00+00:00,2025-01-01T00:00:00+00:00
geo_c6384526fd0d80c5,999,2023-01-01T04:00:00+00:00,2024-12-31T13:00:00+00:00
geo_c66e9855e0344b5a,4902,2023-01-01T01:00:00+00:00,2024-12-31T22:00:00+00:00
geo_c6ffb636d97cc5b8,65,2023-03-28T05:00:00+00:00,2024-12-21T04:00:00+00:00
geo_c7405915d35d355e,22,2023-03-01T13:00:00+00:00,2024-04-23T13:00:00+00:00
geo_c820d389bd9c9ffc,2875,2023-01-01T04:00:00+00:00,2024-12-31T13:00:00+00:00
geo_c926d32b159aa6d9,1010,2023-01-01T04:00:00+00:00,2024-12-31T13:00:00+00:00
geo_c98c36abe0158115,17079,2023-01-01T01:00:00+00:00,2025-01-01T00:00:00+00:00
geo_c9cc3ac5f9bda597,17400,2023-01-01T01:00:00+00:00,2025-01-01T00:00:00+00:00
geo_c9eff1c78d7467dd,5755,2023-01-01T01:00:00+00:00,2024-12-31T22:00:00+00:00
geo_ca845c3ac4abb5c3,1366,2023-01-01T04:00:00+00:00,2024-12-31T13:00:00+00:00
geo_cb5d4307ad12f1be,5748,2023-01-01T01:00:00+00:00,2024-12-31T22:00:00+00:00
geo_cb9eca6b76b654a8,996,2023-01-01T04:00:00+00:00,2024-12-31T04:00:00+00:00
geo_cbaae50e875bad40,7254,2023-01-01T01:00:00+00:00,2024-12-31T22:00:00+00:00
geo_cbe7d46b0a307141,2649,2023-01-01T01:00:00+00:00,2024-12-31T13:00:00+00:00
geo_cc675bf2ec58586d,1336,2023-01-01T04:00:00+00:00,2024-12-31T13:00:00+00:00
geo_cce08aca8d3f820f,635,2023-01-01T13:00:00+00:00,2024-12-27T13:00:00+00:00
geo_cce5deb0763e2f0b,6892,2023-01-01T01:00:00+00:00,2024-12-31T22:00:00+00:00
geo_ce529031ad7f4a72,1364,2023-01-01T04:00:00+00:00,2024-12-31T13:00:00+00:00
geo_cf21ad11760443cd,1428,2023-01-01T04:00:00+00:00,2024-12-31T13:00:00+00:00
geo_cfc7ff1be1909348,6906,2023-01-01T05:00:00+00:00,2024-12-31T13:00:00+00:00
geo_cfcd38a3119e432b,1432,2023-01-01T04:00:00+00:00,2024-12-31T13:00:00+00:00
geo_cfe7d32ed5442de4,1,2024-02-13T13:00:00+00:00,2024-02-13T13:00:00+00:00
geo_d07bc2067ce0c55e,1009,2023-01-01T04:00:00+00:00,2024-12-31T13:00:00+00:00
geo_d1078fab5f90327e,15053,2023-01-01T01:00:00+00:00,2025-01-01T00:00:00+00:00
geo_d1c8fc7938dd85d0,5712,2023-01-01T01:00:00+00:00,2024-12-31T22:00:00+00:00
geo_d2eb4a5d9c677d55,5271,2023-01-01T01:00:00+00:00,2024-12-31T22:00:00+00:00
geo_d301e46e6125b414,1893,2023-01-01T04:00:00+00:00,2024-12-31T13:00:00+00:00
geo_d36fa279e1c335a7,5686,2023-01-01T01:00:00+00:00,2024-12-31T22:00:00+00:00
geo_d4a1e79d64eb42c9,1369,2023-01-01T13:00:00+00:00,2024-12-31T13:00:00+00:00
geo_d4d64788f4b9c992,1186,2023-01-01T04:00:00+00:00,2024-12-31T13:00:00+00:00
geo_d58766d90e384d63,1151,2023-01-01T04:00:00+00:00,2024-12-31T13:00:00+00:00
geo_d5db69b2cb5cc54c,2879,2023-01-01T04:00:00+00:00,2024-12-31T13:00:00+00:00
geo_d5f22f77073c9d76,1034,2023-01-01T04:00:00+00:00,2024-12-31T13:00:00+00:00
geo_d75c5eede017e616,5437,2023-01-01T01:00:00+00:00,2024-12-31T22:00:00+00:00
geo_d762ee1cbe89ce2a,1,2024-03-24T13:00:00+00:00,2024-03-24T13:00:00+00:00
geo_d80ce7c82b8dd9d6,3,2023-12-09T04:00:00+00:00,2024-10-16T22:00:00+00:00
geo_d838b1c74ec64fe5,2690,2023-01-01T07:00:00+00:00,2024-12-31T13:00:00+00:00
geo_d8755c59b727ad73,9800,2023-01-01T01:00:00+00:00,2024-12-31T22:00:00+00:00
geo_d99d92bb457f2855,1404,2023-01-01T04:00:00+00:00,2024-12-31T13:00:00+00:00
geo_da3219d477fdb0d8,3089,2023-01-01T01:00:00+00:00,2024-12-31T16:00:00+00:00
geo_daa1698200617811,1127,2023-01-01T04:00:00+00:00,2024-12-31T13:00:00+00:00
geo_daf57f74d1e61c02,1391,2023-01-01T04:00:00+00:00,2024-12-31T13:00:00+00:00
geo_dafdbe09135ba55e,4,2023-08-23T05:00:00+00:00,2024-03-04T07:00:00+00:00
geo_db05cc95a38ede09,2479,2023-01-01T07:00:00+00:00,2024-12-31T13:00:00+00:00
geo_dc5495ade0474621,1985,2023-01-02T19:00:00+00:00,2024-12-31T08:00:00+00:00
geo_dd26bf242bbe88ad,428,2024-04-19T04:00:00+00:00,2024-12-31T13:00:00+00:00
geo_ddf6b8b2aa3c6251,8950,2023-01-01T01:00:00+00:00,2024-12-31T13:00:00+00:00
geo_de59a725d193c6f5,5685,2023-01-01T01:00:00+00:00,2024-12-31T22:00:00+00:00
geo_df88dc068a29694a,16929,2023-01-01T01:00:00+00:00,2025-01-01T00:00:00+00:00
geo_dfe0d707ca137320,2730,2023-01-01T04:00:00+00:00,2024-12-31T13:00:00+00:00
geo_e1422f354909a32a,2015,2023-01-02T19:00:00+00:00,2024-12-31T08:00:00+00:00
geo_e26b24b54add2373,1275,2023-01-01T04:00:00+00:00,2024-12-31T13:00:00+00:00
geo_e2c73f01d9cb9f6c,6864,2023-01-01T01:00:00+00:00,2024-12-31T22:00:00+00:00
geo_e322ff2c2adc21cc,16792,2023-01-01T01:00:00+00:00,2024-12-31T23:00:00+00:00
geo_e3f11fe8f6b4a4e1,1346,2023-01-01T04:00:00+00:00,2024-12-31T13:00:00+00:00
geo_e422e749690ac736,1,2024-12-13T13:00:00+00:00,2024-12-13T13:00:00+00:00
geo_e4e61fa901b7e3e9,1444,2023-01-01T04:00:00+00:00,2024-12-31T13:00:00+00:00
geo_e55adb9322ad4751,1359,2023-01-01T04:00:00+00:00,2024-12-31T13:00:00+00:00
geo_e6364af96efef267,5761,2023-01-01T01:00:00+00:00,2024-12-31T22:00:00+00:00
geo_e74dcbadd7438bcd,8073,2023-01-01T04:00:00+00:00,2024-12-31T15:00:00+00:00
geo_eb5a36b8fe85f74b,9,2023-02-14T04:00:00+00:00,2024-11-05T04:00:00+00:00
geo_ec9c50f90306d595,2714,2023-01-01T04:00:00+00:00,2024-12-31T13:00:00+00:00
geo_ed6d00bef5a2c0d6,2398,2023-01-01T04:00:00+00:00,2024-10-29T04:00:00+00:00
geo_ed7e3806824d2712,1287,2023-01-01T04:00:00+00:00,2024-12-31T13:00:00+00:00
geo_ee5622ee60956ae6,17207,2023-01-01T01:00:00+00:00,2025-01-01T00:00:00+00:00
geo_eeaa42b762de05e3,5584,2023-01-01T01:00:00+00:00,2024-12-31T22:00:00+00:00
geo_ef18ee49527bac22,5517,2023-01-01T01:00:00+00:00,2024-12-31T06:00:00+00:00
geo_ef6fb2e24e126afd,756,2023-01-01T13:00:00+00:00,2024-12-28T13:00:00+00:00
geo_f044fabb62f9b93f,1367,2023-01-01T04:00:00+00:00,2024-12-31T13:00:00+00:00
geo_f1a4c78e93e694c3,2822,2023-01-01T04:00:00+00:00,2024-12-31T13:00:00+00:00
geo_f2414a8036b81a90,5692,2023-01-01T01:00:00+00:00,2024-12-31T22:00:00+00:00
geo_f30d6f3e6e9b582f,4375,2023-01-01T01:00:00+00:00,2024-12-31T22:00:00+00:00
geo_f311a69637632e1f,1341,2023-01-01T04:00:00+00:00,2024-12-31T13:00:00+00:00
geo_f3630c37c874ff0d,1369,2023-01-01T04:00:00+00:00,2024-12-31T04:00:00+00:00
geo_f36baa91f3e588b9,5595,2023-01-01T04:00:00+00:00,2024-12-31T13:00:00+00:00
geo_f3fa59d4a813c523,5599,2023-01-01T01:00:00+00:00,2024-12-31T22:00:00+00:00
geo_f4cbe3abf459101b,1388,2023-01-01T13:00:00+00:00,2024-12-31T13:00:00+00:00
geo_f4dfa2b042bcf9a7,1357,2023-01-01T04:00:00+00:00,2024-12-31T13:00:00+00:00
geo_f5514df29dd602e2,1424,2023-01-01T04:00:00+00:00,2024-12-31T13:00:00+00:00
geo_f6337460b93f89b2,1377,2023-01-01T04:00:00+00:00,2024-12-31T04:00:00+00:00
geo_f64066282d384d7b,1442,2023-01-01T04:00:00+00:00,2024-12-31T13:00:00+00:00
geo_f67666310b27e7da,1226,2023-01-01T13:00:00+00:00,2024-12-31T13:00:00+00:00
geo_f6bbd72d5eb9af0d,5653,2023-01-01T01:00:00+00:00,2024-12-31T22:00:00+00:00
geo_f75dad2f311b8105,5064,2023-01-01T04:00:00+00:00,2024-12-31T13:00:00+00:00
geo_f83dc773a10ce08b,3389,2023-01-01T01:00:00+00:00,2024-12-31T13:00:00+00:00
geo_fa65bf7cabeb735b,5622,2023-01-01T01:00:00+00:00,2024-12-31T19:00:00+00:00
geo_fb77bb21d28b25d3,3001,2023-01-01T04:00:00+00:00,2024-12-31T22:00:00+00:00
geo_fd41e6b7a0c4753a,2863,2023-01-01T04:00:00+00:00,2024-12-31T13:00:00+00:00
geo_fd871b96a1cec494,5736,2023-01-01T01:00:00+00:00,2024-12-31T22:00:00+00:00
geo_fe5f7d267e01590a,758,2023-01-01T13:00:00+00:00,2024-12-28T13:00:00+00:00
geo_fe7daf886d0006bf,1352,2023-01-01T04:00:00+00:00,2024-12-31T13:00:00+00:00
geo_fe9ce4e3872db1f3,1119,2023-01-01T04:00:00+00:00,2024-12-31T13:00:00+00:00
geo_ffd7ba2931ad0684,3700,2023-01-01T01:00:00+00:00,2024-12-31T16:00:00+00:00
