cell_latitude,cell_longitude,candidates,observed_2024
4.0,73.0,1,0
7.0,93.0,2,1
8.0,73.0,2,0
8.0,76.0,3,2
8.0,77.0,2,2
8.0,78.0,2,2
8.0,93.0,1,0
9.0,76.0,4,2
9.0,78.0,2,1
9.0,79.0,3,2
9.0,92.0,3,2
10.0,72.0,2,2
10.0,73.0,1,0
10.0,76.0,3,3
10.0,77.0,4,3
10.0,78.0,4,3
10.0,79.0,5,5
10.0,92.0,1,1
11.0,72.0,1,1
11.0,75.0,4,4
11.0,76.0,5,4
11.0,77.0,1,1
11.0,78.0,4,4
11.0,79.0,5,5
11.0,92.0,2,2
12.0,74.0,2,1
12.0,75.0,1,0
12.0,76.0,4,4
12.0,77.0,2,2
12.0,78.0,3,2
12.0,79.0,1,1
12.0,80.0,2,1
12.0,92.0,2,2
13.0,75.0,2,1
13.0,77.0,2,1
13.0,78.0,2,2
13.0,79.0,4,4
13.0,80.0,2,1
14.0,74.0,3,3
14.0,75.0,2,2
14.0,76.0,1,1
14.0,77.0,2,1
14.0,78.0,1,1
14.0,79.0,2,2
14.0,93.0,1,0
15.0,73.0,6,3
15.0,74.0,3,3
15.0,75.0,2,2
15.0,76.0,3,1
15.0,78.0,1,1
16.0,73.0,3,0
16.0,74.0,1,1
16.0,75.0,1,1
16.0,77.0,1,1
16.0,78.0,1,1
16.0,79.0,1,1
16.0,80.0,1,1
16.0,81.0,3,2
16.0,82.0,1,1
17.0,73.0,2,2
17.0,74.0,1,1
17.0,75.0,1,1
17.0,76.0,2,2
17.0,77.0,1,1
17.0,78.0,5,2
17.0,79.0,1,1
17.0,80.0,2,2
17.0,81.0,1,1
17.0,82.0,1,1
17.0,83.0,4,1
18.0,72.0,2,2
18.0,73.0,6,3
18.0,74.0,1,1
18.0,75.0,1,1
18.0,77.0,1,1
18.0,78.0,2,2
18.0,79.0,3,2
18.0,81.0,1,0
18.0,82.0,1,1
18.0,84.0,1,1
19.0,72.0,5,4
19.0,73.0,1,1
19.0,74.0,2,1
19.0,75.0,3,1
19.0,76.0,1,1
19.0,77.0,2,1
19.0,78.0,2,1
19.0,79.0,1,1
19.0,82.0,1,1
19.0,83.0,1,1
19.0,84.0,1,1
19.0,85.0,1,1
20.0,70.0,3,2
20.0,72.0,2,2
20.0,73.0,2,1
20.0,74.0,1,1
20.0,76.0,1,1
20.0,77.0,2,2
20.0,78.0,2,2
20.0,79.0,1,1
20.0,81.0,1,0
20.0,83.0,2,1
20.0,85.0,4,3
20.0,86.0,2,2
20.0,88.0,1,0
21.0,69.0,2,2
21.0,70.0,1,1
21.0,71.0,1,1
21.0,72.0,5,4
21.0,73.0,1,1
21.0,74.0,1,0
21.0,75.0,2,2
21.0,76.0,1,1
21.0,77.0,1,1
21.0,79.0,2,0
21.0,80.0,1,1
21.0,81.0,5,4
21.0,82.0,1,1
21.0,83.0,2,1
21.0,84.0,2,1
21.0,85.0,1,1
21.0,86.0,2,2
21.0,87.0,2,2
21.0,88.0,5,1
22.0,69.0,3,2
22.0,70.0,4,2
22.0,71.0,1,1
22.0,72.0,1,1
22.0,73.0,2,1
22.0,74.0,3,1
22.0,75.0,3,1
22.0,77.0,2,1
22.0,78.0,1,1
22.0,79.0,2,2
22.0,80.0,2,2
22.0,81.0,1,1
22.0,82.0,1,0
22.0,84.0,4,4
22.0,85.0,1,1
22.0,86.0,2,1
22.0,87.0,5,2
22.0,88.0,8,3
23.0,68.0,1,1
23.0,69.0,3,1
23.0,70.0,3,3
23.0,72.0,3,2
23.0,73.0,2,0
23.0,74.0,1,0
23.0,75.0,2,2
23.0,77.0,5,2
23.0,78.0,1,1
23.0,79.0,3,1
23.0,80.0,1,1
23.0,83.0,1,1
23.0,85.0,2,1
23.0,86.0,2,1
23.0,87.0,7,4
23.0,88.0,1,1
23.0,92.0,3,2
24.0,72.0,2,1
24.0,73.0,3,1
24.0,74.0,2,1
24.0,75.0,1,0
24.0,76.0,2,1
24.0,77.0,1,1
24.0,78.0,1,1
24.0,79.0,3,2
24.0,80.0,2,1
24.0,81.0,1,1
24.0,84.0,4,3
24.0,86.0,1,0
24.0,87.0,1,1
24.0,88.0,1,1
24.0,92.0,6,3
24.0,93.0,2,0
25.0,71.0,1,1
25.0,72.0,1,0
25.0,73.0,1,0
25.0,74.0,1,1
25.0,75.0,4,1
25.0,76.0,1,0
25.0,77.0,1,1
25.0,78.0,2,2
25.0,79.0,2,2
25.0,80.0,3,3
25.0,81.0,5,2
25.0,82.0,3,1
25.0,83.0,1,1
25.0,84.0,3,2
25.0,85.0,2,1
25.0,86.0,2,1
25.0,87.0,2,1
25.0,90.0,1,0
25.0,91.0,3,3
25.0,93.0,3,3
25.0,94.0,1,1
26.0,70.0,1,1
26.0,73.0,1,1
26.0,74.0,2,2
26.0,75.0,4,1
26.0,77.0,1,0
26.0,78.0,5,1
26.0,80.0,5,2
26.0,81.0,2,1
26.0,82.0,3,0
26.0,83.0,2,1
26.0,84.0,2,1
26.0,85.0,2,2
26.0,86.0,1,0
26.0,87.0,1,1
26.0,88.0,3,1
26.0,89.0,2,1
26.0,90.0,1,1
26.0,91.0,5,2
26.0,92.0,4,3
26.0,93.0,2,1
26.0,94.0,4,1
27.0,72.0,1,1
27.0,75.0,1,1
27.0,77.0,3,2
27.0,78.0,2,2
27.0,79.0,3,2
27.0,80.0,2,2
27.0,81.0,2,0
27.0,83.0,1,1
27.0,88.0,5,5
27.0,92.0,1,0
27.0,93.0,1,1
27.0,94.0,2,1
27.0,95.0,4,1
28.0,73.0,1,1
28.0,74.0,1,1
28.0,75.0,1,1
28.0,76.0,1,1
28.0,77.0,3,2
28.0,78.0,1,1
28.0,79.0,3,1
28.0,95.0,1,1
29.0,73.0,4,1
29.0,75.0,1,1
29.0,77.0,4,3
29.0,78.0,1,1
29.0,79.0,5,3
29.0,80.0,1,0
30.0,74.0,3,0
30.0,75.0,3,1
30.0,76.0,4,4
30.0,77.0,1,0
30.0,78.0,6,3
30.0,79.0,2,0
30.0,80.0,1,0
31.0,74.0,2,1
31.0,75.0,2,1
31.0,76.0,6,3
31.0,77.0,4,4
32.0,74.0,3,1
32.0,75.0,3,0
32.0,76.0,2,2
32.0,77.0,3,1
33.0,74.0,1,1
34.0,74.0,2,2
34.0,75.0,3,0
34.0,77.0,4,2
