station_name,district,state_as_published,imd_station_code,latitude_as_published,longitude_as_published,elevation_as_published,observation_hours_as_published
AGRA (TAJ),AGRA,UTTAR PRADESH,42259,27° 10',78° 2',159.5,03 06 09 12
AJMER,AJMER,RAJASTHAN,42343,26° 27',74° 37',486,00 03 06 09 12 15 18 21
ALIGARH,ALIGARH,UTTAR PRADESH,42262,27° 54',78° 4',186.2,03 12
ALWAR,ALWAR,RAJASTHAN,42255,27° 30',76° 35',270,03 12
AMBALA,AMBALA,HARYANA,42103,30° 21',76° 47',273.16,00 03 06 09 12 15 18 21
AMRITSAR,AMRITSAR,PUNJAB,42071,31° 42',74° 48',200,00 03 06 09 12 15 18 21
AZAMGARH,AZAMGARH,UTTAR PRADESH,42381,26° 3',83° 13',76.50,00 03 06 09 12 15 18 21
BAHRAICH,BAHRAICH,UTTAR PRADESH,42273,27° 33',81° 35',121.0,00 03 06 09 12 15 18 21
BALLIA (MIRDHA),BALLIA,UTTAR PRADESH,42384,25° 52',84° 7',62.1,03 12
BANDA,BANDA,UTTAR PRADESH,42473,25° 28',80° 19',120.0,03 12
BANIHAL,RAMBAN,JAMMU AND KASHMIR,42045,33° 25',75° 11',1672,00 03 06 09 12
BANSTHALI VIDYAPITH,TONK,RAJASTHAN,42346,26° 24',75° 22',308.6,03 12
BARABANKI,BARABANKI,UTTAR PRADESH,42370,26° 55',81° 12',118.0,03 12
BAREILLY,BAREILLY,UTTAR PRADESH,42189,28° 23',79° 25',168.0,00 03 06 09 12 15 18 21
BARMER,BARMER,RAJASTHAN,42435,25° 45',71° 23',193.2,00 03 06 09 12 15 18 21
BASTI,BASTI,UTTAR PRADESH,42279,26° 47',82° 43',89.0,03 12
BATOTE,RAMBAN,JAMMU AND KASHMIR,42043,33° 7',75° 19',1585,00 03 06 09 12
BHADERWAH,DODA,JAMMU AND KASHMIR,42048,32° 58',75° 43',1688.60,00 03 06 09 12
BHILWARA,BHILWARA,RAJASTHAN,42447,25° 21',74° 38',421.0,03 12
BHIWANI,BHIWANI,HARYANA,42350,28° 50',76° 10',216.77,03 12
BHUNTAR,KULU,HIMACHAL PRADESH,42081,31° 50',77° 10',1084,03 06 09 12
BIKANER,BIKANER,RAJASTHAN,42165,28° ',73° 18',225.3,00 03 06 09 12 15 18 21
BULANDSHAHAR,BULANDSHAHAR,UTTAR PRADESH,42183,28° 19',77° 47',222.0,03 12
CHANDIGARH,CHANDIGARH,HARYANA,42105,30° 44',76° 44',331.10,00 03 06 09 12 15 18 21
CHITTORGARH,CHITTORGARH,RAJASTHAN,42546,24° 53',74° 38',404.72,03 12
CHURK,MIRZAPUR,UTTAR PRADESH,42589,24° 38',83° 5',320,03 12
CHURU,CHURU,RAJASTHAN,42170,28° 15',74° 55',293,00 03 06 09 12 15 18 21
DEHRADUN,DEHRADUN,UTTARAKHAND,42111,30° 19',78° 2',682,00 03 06 09 12 15 18 21
DHARAMPUR,SOLAN,HIMACHAL PRADESH,42107,30° 54',77° 1',1469,03
DHARAMSHALA,KANGRA,HIMACHAL PRADESH,42062,32° 16',76° 23',1211,03 12
ETAWAH,ETAWAH,UTTAR PRADESH,42364,26° 47',79° ',151.0,03 12
FATEHGARH (FARRUKHABAD),FATEHGARH,UTTAR PRADESH,42267,27° 22',79° 36',161.0,03 12
FATEHPUR,FATEHPUR,UTTAR PRADESH,42471,25° 55',80° 48',114.0,03 12
FURSATGANJ,RAIBARELI,UTTAR PRADESH,42372,26° 15',81° 22',110.0,03 06 09 12
GAZIPUR,GAZIPUR,UTTAR PRADESH,42482,25° 33',83° 32',66.48,03 12
GORAKHPUR,GORAKHPUR,UTTAR PRADESH,42379,26° 44',83° 25',87.0,00 03 06 09 12 15 18 21
GULMARG,BARAMULA,JAMMU AND KASHMIR,42026,34° 3',74° 24',2651.70,03 06 12
GURUGRAM,GURUGRAM,HARYANA,42178,° ',° ',223,-----
HAMIRPUR,HAMIRPUR,UTTAR PRADESH,42469,25° 57',80° 9',109.45,03 12
HARDOI,HARDOI,UTTAR PRADESH,42271,27° 23',80° 7',141.0,03 12
HISAR,HISAR,HARYANA,42131,29° 10',75° 44',212,00 03 06 09 12 15 18 21
JAIPUR,JAIPUR,RAJASTHAN,42348,26° 49',75° 48',384.90,00 03 06 09 12 15 18 21
JAISALMER,JAISALMER,RAJASTHAN,42328,26° 54',70° 55',233.18,00 03 06 09 12 15 18 21
JAMMU,JAMMU,JAMMU AND KASHMIR,42056,32° 40',74° 50',385,00 03 06 09 12 15 18 21
JAWAI BANDH,PALI,RAJASTHAN,42441,25° 5',73° 5',294,03 12
JHANSI,JHANSI,UTTAR PRADESH,42463,25° 27',78° 36',262.16,00 03 06 09 12 15 18 21
JODHPUR,JODHPUR,RAJASTHAN,42339,26° 18',73° 1',217,00 03 06 09 12 15 18 21
JOLLY GRANT (A),DEHRADUN,UTTARAKHAND,42141,30° 11',78° 10',554.32,03 12
KALPA,KINNAUR,HIMACHAL PRADESH,42066,31° 32',78° 15',2760,03 06 09 12 15
KANGRA (A),KANGRA,HIMACHAL PRADESH,42076,32° 9',76° 15',760,03 06 09 12
KANPUR,KANPUR,UTTAR PRADESH,42367,26° 29',80° 17',127.0,03 12
KARNAL,KARNAL,HARYANA,42137,29° 42',76° 57',248,03 12
KATHUA,KATHUA,JAMMU AND KASHMIR,42060,32° 20',75° 30',380,03
KATRA,REASI,JAMMU AND KASHMIR,42054,32° 58',74° 55',828,00 03 06 09 12
KHATIMA,UDHAM SINGH NAGAR,UTTARAKHAND,42192,28° 55',79° 58',299,03 12
KOKERNAG,ANANTNAG,JAMMU AND KASHMIR,42046,33° 35',75° 30',1920,00 03 06 09 12
KONIBAL,SRINAGAR,JAMMU AND KASHMIR,42041,33° 53',74° 55',1643,03 12
KOTA,KOTA,RAJASTHAN,42452,25° 9',75° 51',274,00 03 06 09 12 15 18 21
KUPWARA,KUPWARA,JAMMU AND KASHMIR,42031,34° 50',74° 26',1609,00 03 06 09 12
LAKHIMPUR KHERI,LAKHIMPUR KHERI,UTTAR PRADESH,42270,27° 56',80° 47',148.0,03 12
LEH,LADAKH,JAMMU AND KASHMIR,42034,34° 10',77° 34',3540,00 03 06 09 12
LUCKNOW,LUCKNOW,UTTAR PRADESH,42369,26° 46',80° 53',121.9,00 03 06 09 12 15 18 21
LUDHIANA,LUDHIANA,PUNJAB,42099,30° 51',75° 57',254.73,03 06 09 12
LUDHIANA (PAU),LUDHIANA,PUNJAB,42100,30° 54',75° 48',247,03 12
MANALI,KULU,HIMACHAL PRADESH,42065,32° 16',77° 10',2039,03 12
MANDI,MANDI,HIMACHAL PRADESH,42078,31° 43',76° 58',760,03 12
MEERUT,MEERUT,UTTAR PRADESH,42139,28° 58',77° 44',221.89,03 06 09 12
MORADABAD,MORADABAD,UTTAR PRADESH,42187,28° 57',78° 49',201.81,03 12
MUKTESHWAR,NAINITAL,UTTARAKHAND,42147,29° 28',79° 39',2311,03 06 09 12
MUSSOORIE,DEHRADUN,UTTARAKHAND,42112,30° 27',78° 5',2006,03 12
MUZAFFAR NAGAR,MUZAFFAR NAGAR,UTTAR PRADESH,42138,29° 27',77° 41',272.0,03 12
NAHAN,SIRMUR,HIMACHAL PRADESH,42104,30° 24',76° 44',957,03 12
NAJIBABAD,BIJNORE,UTTAR PRADESH,42143,29° 36',78° 20',267.0,03 12
NARNAUL,NARNAUL,HARYANA,42177,28° ',76° 5',306.3,03 12
NEW DELHI (AYANAGAR),SOUTH DELHI,DELHI,42180,28° 29',77° 8',273,03 06 09 12
NEW DELHI (PALAM),SOUTH DELHI,DELHI,42181,28° 34',77° 7',237,00 03 06 09 12 15 18 21
NEW DELHI (RIDGE),NORTH DELHI,DELHI,42184,28° 41',77° 13',230.34,03 06 09 12
NEW DELHI (SAFDARJUNG),CENTRAL DELHI,DELHI,42182,28° 35',77° 12',212,00 03 06 09 12 15 18 21
ORAI,JALAUN,UTTAR PRADESH,42468,25° 59',79° 27',140.0,03 12
PAHALGAM,ANANTNAG,JAMMU AND KASHMIR,42028,34° 2',75° 20',2158,00 03 06 09 12
PANTNAGAR,UDHAM SINGH NAGAR,UTTARAKHAND,42148,29° 2',79° 28',233,03 06 09 12
PATIALA,PATIALA,PUNJAB,42101,30° 21',76° 26',251,00 03 06 09 12 15 18 21
PHALODI,JODHPUR,RAJASTHAN,42237,27° 8',72° 22',233,03 12
PILANI,PILANI,RAJASTHAN,42174,28° 20',75° 35',300,03 12
PRAYAGRAJ (ALLAHABAD),ALLAHABAD,UTTAR PRADESH,42474,25° 18',81° 48',107.0,00 03 06 09 12 15 18 21
QAZIGUND,ANANTNAG,JAMMU AND KASHMIR,42044,33° 35',75° 5',1690.40,00 03 06 09 12
ROHTAK,ROHTAK,HARYANA,42176,28° 50',76° 35',219.46,03 12
SHAHJAHANPUR,SHAHJAHANPUR,UTTAR PRADESH,42266,27° 52',79° 56',154.53,03 12
SHIMLA,SHIMLA,HIMACHAL PRADESH,42083,31° 6',77° 10',2270,03 06 09 12
SHIMLA (A),SHIMLA,HIMACHAL PRADESH,42084,31° 4',77° 4',1540,03 06 09 12
SIKAR,SIKAR,RAJASTHAN,42249,27° 37',75° 8',431,03 12
SOLAN (NAUNI),SOLAN,HIMACHAL PRADESH,42106,30° 50',77° 8',1241,03 12
SRIGANGANAGAR,SRIGANGANAGAR,RAJASTHAN,42123,29° 55',73° 55',176.8,00 03 06 09 12 15 18 21
SRINAGAR,SRINAGAR,JAMMU AND KASHMIR,42027,34° 5',74° 50',1585,00 03 06 09 12 15 18 21
SULTANPUR,SULTANPUR,UTTAR PRADESH,42377,26° 17',82° 4',104,00 03 06 09 12 15 18 21
SUNDERNAGAR,MANDI,HIMACHAL PRADESH,42079,31° 32',76° 54',875,00 03 06 09 12 15 18 21
TEHRI,TEHRI,UTTARAKHAND,42114,30° 23',78° 26',770,03 06 09 12
UDAIPUR (A) (DABOK),UDAIPUR,RAJASTHAN,42542,23° 37',75° 53',508.63,00 03 06 09 12 15 18 21
UNA,UNA,HIMACHAL PRADESH,42077,31° 28',76° 16',369.5,03 12
VARANASI,VARANASI,UTTAR PRADESH,42483,25° 16',82° 59',80.0,00 03 06 09 12
VARANASI (A)(BABATPUR),VARANASI,UTTAR PRADESH,42479,25° 26',82° 51',81.22,00 03 06 09 12 15 18 21
