location_id,elevation_ok,pressure_ok,flags,prior_pressure_rows,prior_implausible_fraction,srtm_elevation_m,catalogue_elevation_m,prior_cutoff_utc
INI0000VABB,True,True,[],30,0.0,8.0,11.3,2024-07-01T00:00:00Z
INI0000VABI,True,True,[],4,0.0,279.0,274.0,2024-07-01T00:00:00Z
INI0000VABO,True,True,[],1,0.0,39.0,39.3,2024-07-01T00:00:00Z
INI0000VABP,True,True,[],4267,0.0,520.0,524.0,2024-07-01T00:00:00Z
INI0000VABV,True,True,[],0,,17.0,13.4,2024-07-01T00:00:00Z
INI0000VADU,True,True,[],0,,8.0,9.1,2024-07-01T00:00:00Z
INI0000VAGD,True,True,[],2149,0.0,302.0,300.8,2024-07-01T00:00:00Z
INI0000VAJJ,True,True,[],0,,6.0,4.0,2024-07-01T00:00:00Z
INI0000VAJM,True,True,[],0,,25.0,21.0,2024-07-01T00:00:00Z
INI0000VAKD,True,True,[],0,,311.0,318.0,2024-07-01T00:00:00Z
INI0000VAKE,True,True,[],0,,29.0,29.3,2024-07-01T00:00:00Z
INI0000VAOZ,True,True,[],0,,598.0,598.0,2024-07-01T00:00:00Z
INI0000VAPO,True,True,[],0,,593.0,591.9,2024-07-01T00:00:00Z
INI0000VAPR,True,True,[],0,,6.0,7.0,2024-07-01T00:00:00Z
INI0000VARK,True,True,[],1,0.0,135.0,134.4,2024-07-01T00:00:00Z
INI0000VASD,True,True,[],0,,587.0,587.0,2024-07-01T00:00:00Z
INI0000VASU,True,True,[],0,,3.0,4.9,2024-07-01T00:00:00Z
INI0000VEBI,True,True,[],318,0.006289308176100629,878.0,891.2,2024-07-01T00:00:00Z
INI0000VEBN,True,True,[],71,0.0,82.0,81.1,2024-07-01T00:00:00Z
INI0000VEBS,True,True,[],0,,43.0,42.1,2024-07-01T00:00:00Z
INI0000VECO,True,True,[],0,,47.0,42.1,2024-07-01T00:00:00Z
INI0000VECX,True,True,[],0,,28.0,14.0,2024-07-01T00:00:00Z
INI0000VEDG,True,True,[],0,,87.0,88.1,2024-07-01T00:00:00Z
INI0000VEJT,True,True,[],0,,95.0,94.8,2024-07-01T00:00:00Z
INI0000VEKO,True,True,[],0,,223.0,221.9,2024-07-01T00:00:00Z
INI0000VEKU,True,True,[],0,,104.0,107.3,2024-07-01T00:00:00Z
INI0000VELP,True,True,[],1029,0.0,431.0,426.1,2024-07-01T00:00:00Z
INI0000VELR,True,True,[],19,0.0,102.0,100.6,2024-07-01T00:00:00Z
INI0000VEMN,True,True,[],13,0.0,112.0,110.3,2024-07-01T00:00:00Z
INI0000VEMR,True,True,[],0,,147.0,148.4,2024-07-01T00:00:00Z
INI0000VEPT,True,True,[],34,0.0,51.0,51.8,2024-07-01T00:00:00Z
INI0000VEPY,True,True,[],0,,1545.0,1399.0,2024-07-01T00:00:00Z
INI0000VERC,True,True,[],4282,0.0,646.0,654.7,2024-07-01T00:00:00Z
INI0000VERK,True,True,[],0,,203.0,200.9,2024-07-01T00:00:00Z
INI0000VERP,True,True,[],0,,310.0,317.6,2024-07-01T00:00:00Z
INI0000VETZ,True,True,[],0,,75.0,73.2,2024-07-01T00:00:00Z
INI0000VIAR,True,True,[],36,0.0,222.0,230.4,2024-07-01T00:00:00Z
INI0000VIBR,True,True,[],0,,1083.0,1089.1,2024-07-01T00:00:00Z
INI0000VIBY,True,True,[],103,0.0,178.0,176.8,2024-07-01T00:00:00Z
INI0000VICG,True,True,[],0,,312.0,308.5,2024-07-01T00:00:00Z
INI0000VICX,True,True,[],0,,127.0,123.4,2024-07-01T00:00:00Z
INI0000VIDD,True,True,[],2,0.0,217.0,214.9,2024-07-01T00:00:00Z
INI0000VIDN,True,True,[],0,,550.0,558.1,2024-07-01T00:00:00Z
INI0000VIDP,True,True,[],135,0.0,224.0,236.8,2024-07-01T00:00:00Z
INI0000VIGG,True,True,[],0,,760.0,769.6,2024-07-01T00:00:00Z
INI0000VIGR,True,True,[],7,0.0,184.0,188.1,2024-07-01T00:00:00Z
INI0000VIHR,True,True,[],12,0.0,209.0,213.4,2024-07-01T00:00:00Z
INI0000VIJN,True,True,[],8,0.0,243.0,244.1,2024-07-01T00:00:00Z
INI0000VIJO,True,True,[],147,0.0,217.0,218.5,2024-07-01T00:00:00Z
INI0000VIJP,True,True,[],78,0.0,382.0,385.0,2024-07-01T00:00:00Z
INI0000VIJU,True,True,[],0,,285.0,313.6,2024-07-01T00:00:00Z
INI0000VIKG,True,True,[],0,,442.0,450.0,2024-07-01T00:00:00Z
INI0000VILD,True,True,[],0,,264.0,254.2,2024-07-01T00:00:00Z
INI0000VILH,True,True,[],2031,0.0019694731659281144,3258.0,3255.9,2024-07-01T00:00:00Z
INI0000VILK,True,True,[],83,0.0,122.0,125.0,2024-07-01T00:00:00Z
INI0000VIPT,True,True,[],0,,235.0,234.4,2024-07-01T00:00:00Z
INI0000VISM,True,True,[],0,,1535.0,1545.9,2024-07-01T00:00:00Z
INI0000VISP,True,True,[],0,,273.0,271.6,2024-07-01T00:00:00Z
INI0000VISR,False,False,"[""MISSING_SRTM""]",0,,,1654.8,2024-07-01T00:00:00Z
INI0000VITE,True,True,[],0,,3054.0,3066.0,2024-07-01T00:00:00Z
INI0000VOAR,True,True,[],0,,79.0,80.8,2024-07-01T00:00:00Z
INI0000VOAT,True,True,[],0,,4.0,4.3,2024-07-01T00:00:00Z
INI0000VOBL,True,True,[],0,,900.0,915.0,2024-07-01T00:00:00Z
INI0000VOBM,True,True,[],0,,772.0,747.0,2024-07-01T00:00:00Z
INI0000VOCI,True,True,[],281,0.0,8.0,9.1,2024-07-01T00:00:00Z
INI0000VOCL,True,True,[],0,,100.0,104.2,2024-07-01T00:00:00Z
INI0000VOGB,True,True,[],0,,467.0,480.1,2024-07-01T00:00:00Z
INI0000VOGO,True,True,[],0,,44.0,56.1,2024-07-01T00:00:00Z
INI0000VOHB,True,True,[],0,,658.0,661.3,2024-07-01T00:00:00Z
INI0000VOHS,True,True,[],0,,592.0,617.0,2024-07-01T00:00:00Z
INI0000VOJV,True,True,[],0,,507.0,509.0,2024-07-01T00:00:00Z
INI0000VOKN,True,True,[],0,,98.0,104.8,2024-07-01T00:00:00Z
INI0000VOMM,True,True,[],4266,0.0,15.0,15.8,2024-07-01T00:00:00Z
INI0000VOMY,True,True,[],0,,776.0,767.0,2024-07-01T00:00:00Z
INI0000VOPB,True,True,[],0,,3.0,4.3,2024-07-01T00:00:00Z
INI0000VOPC,True,True,[],0,,44.0,36.0,2024-07-01T00:00:00Z
INI0000VORY,True,True,[],0,,44.0,46.0,2024-07-01T00:00:00Z
INI0000VOSM,True,True,[],0,,301.0,307.2,2024-07-01T00:00:00Z
INI0000VOTK,True,True,[],0,,30.0,25.9,2024-07-01T00:00:00Z
INI0000VOTP,True,True,[],0,,103.0,106.7,2024-07-01T00:00:00Z
INI0000VOTV,True,True,[],186,0.0,12.0,4.6,2024-07-01T00:00:00Z
INI0000VOVR,True,True,[],2044,0.0,423.0,214.0,2024-07-01T00:00:00Z
INM00042026,True,True,[],783,0.0,2658.0,2655.0,2024-07-01T00:00:00Z
INM00042062,False,False,"[""SRTM_CATALOGUE_HEIGHT_DISAGREEMENT_GT250M"", ""IMPLAUSIBLE_REFERENCE_PRESSURE_PRIOR_GT20PCT""]",685,0.9985401459854014,2940.0,1211.0,2024-07-01T00:00:00Z
INM00042065,False,False,"[""SRTM_CATALOGUE_HEIGHT_DISAGREEMENT_GT250M"", ""IMPLAUSIBLE_REFERENCE_PRESSURE_PRIOR_GT20PCT""]",940,0.4372340425531915,2424.0,2039.0,2024-07-01T00:00:00Z
INM00042075,True,True,[],0,,236.0,,2024-07-01T00:00:00Z
INM00042077,True,True,[],1003,0.0,386.0,369.0,2024-07-01T00:00:00Z
INM00042078,False,False,"[""SRTM_CATALOGUE_HEIGHT_DISAGREEMENT_GT250M""]",1047,0.0028653295128939827,1088.0,761.0,2024-07-01T00:00:00Z
INM00042079,True,True,[],4218,0.0,943.0,874.0,2024-07-01T00:00:00Z
INM00042081,True,True,[],2090,0.0,1091.0,1084.0,2024-07-01T00:00:00Z
INM00042083,False,False,"[""SRTM_CATALOGUE_HEIGHT_DISAGREEMENT_GT250M""]",2034,0.0004916420845624386,1887.0,2202.0,2024-07-01T00:00:00Z
INM00042101,True,True,[],60,0.0,258.0,251.0,2024-07-01T00:00:00Z
INM00042104,False,False,"[""SRTM_CATALOGUE_HEIGHT_DISAGREEMENT_GT250M""]",778,0.0038560411311053984,272.0,958.0,2024-07-01T00:00:00Z
INM00042111,True,True,[],4185,0.0,656.0,682.0,2024-07-01T00:00:00Z
INM00042114,True,True,[],2131,0.0,751.0,770.0,2024-07-01T00:00:00Z
INM00042137,True,True,[],0,,247.0,249.0,2024-07-01T00:00:00Z
INM00042139,True,True,[],2,0.0,227.0,222.0,2024-07-01T00:00:00Z
INM00042143,True,True,[],0,,276.0,270.0,2024-07-01T00:00:00Z
INM00042147,True,True,[],2126,0.0,2242.0,2311.0,2024-07-01T00:00:00Z
INM00042148,True,True,[],2129,0.0009394081728511038,236.0,233.0,2024-07-01T00:00:00Z
INM00042165,False,False,"[""MISSING_SRTM""]",0,,,224.0,2024-07-01T00:00:00Z
INM00042170,True,True,[],32,0.0,293.0,291.0,2024-07-01T00:00:00Z
INM00042174,True,True,[],0,,299.0,301.0,2024-07-01T00:00:00Z
INM00042177,False,False,"[""MISSING_SRTM""]",0,,,308.0,2024-07-01T00:00:00Z
INM00042187,True,True,[],0,,200.0,202.0,2024-07-01T00:00:00Z
INM00042217,True,True,[],2138,0.0,1345.0,1322.0,2024-07-01T00:00:00Z
INM00042220,True,True,[],169,0.0,181.0,157.0,2024-07-01T00:00:00Z
INM00042237,True,True,[],0,,225.0,234.0,2024-07-01T00:00:00Z
INM00042249,True,True,[],0,,429.0,433.0,2024-07-01T00:00:00Z
INM00042257,True,True,[],0,,178.0,174.0,2024-07-01T00:00:00Z
INM00042258,True,True,[],0,,182.0,176.0,2024-07-01T00:00:00Z
INM00042261,True,True,[],0,,172.0,169.0,2024-07-01T00:00:00Z
INM00042262,True,True,[],0,,197.0,187.0,2024-07-01T00:00:00Z
INM00042266,True,True,[],1,0.0,152.0,155.0,2024-07-01T00:00:00Z
INM00042267,True,True,[],0,,140.0,138.0,2024-07-01T00:00:00Z
INM00042270,True,True,[],0,,144.0,147.0,2024-07-01T00:00:00Z
INM00042271,True,True,[],0,,146.0,142.0,2024-07-01T00:00:00Z
INM00042282,True,True,[],0,,98.0,99.0,2024-07-01T00:00:00Z
INM00042296,True,True,[],0,,1120.0,1209.0,2024-07-01T00:00:00Z
INM00042299,True,True,[],2157,0.0,1737.0,1756.0,2024-07-01T00:00:00Z
INM00042308,True,True,[],2615,0.0,328.0,413.0,2024-07-01T00:00:00Z
INM00042328,True,True,[],8,0.0,227.0,231.0,2024-07-01T00:00:00Z
INM00042343,True,True,[],2,0.0,619.0,486.0,2024-07-01T00:00:00Z
INM00042370,True,True,[],0,,101.0,119.0,2024-07-01T00:00:00Z
INM00042383,True,True,[],0,,71.0,66.0,2024-07-01T00:00:00Z
INM00042387,True,True,[],1,0.0,60.0,53.0,2024-07-01T00:00:00Z
INM00042391,True,True,[],2,0.0,58.0,49.0,2024-07-01T00:00:00Z
INM00042395,True,True,[],0,,61.0,61.0,2024-07-01T00:00:00Z
INM00042399,True,True,[],19,0.0,85.0,83.0,2024-07-01T00:00:00Z
INM00042407,True,True,[],0,,64.0,38.0,2024-07-01T00:00:00Z
INM00042408,True,True,[],0,,61.0,60.0,2024-07-01T00:00:00Z
INM00042413,True,True,[],1,0.0,98.0,120.0,2024-07-01T00:00:00Z
INM00042414,True,True,[],0,,66.0,66.0,2024-07-01T00:00:00Z
INM00042420,True,True,[],0,,103.0,95.0,2024-07-01T00:00:00Z
INM00042435,True,True,[],25,0.0,245.0,194.0,2024-07-01T00:00:00Z
INM00042447,True,True,[],0,,421.0,425.0,2024-07-01T00:00:00Z
INM00042459,True,True,[],0,,436.0,464.0,2024-07-01T00:00:00Z
INM00042460,True,True,[],1,0.0,250.0,229.0,2024-07-01T00:00:00Z
INM00042467,True,True,[],2,0.0,225.0,229.0,2024-07-01T00:00:00Z
INM00042468,True,True,[],1,0.0,135.0,141.0,2024-07-01T00:00:00Z
INM00042469,True,True,[],0,,110.0,109.0,2024-07-01T00:00:00Z
INM00042471,True,True,[],0,,113.0,114.0,2024-07-01T00:00:00Z
INM00042473,True,True,[],0,,129.0,121.0,2024-07-01T00:00:00Z
INM00042474,True,True,[],14,0.0,95.0,97.0,2024-07-01T00:00:00Z
INM00042483,True,True,[],13,0.0,65.0,90.0,2024-07-01T00:00:00Z
INM00042484,True,True,[],0,,62.0,64.0,2024-07-01T00:00:00Z
INM00042488,True,True,[],1,0.0,58.0,58.0,2024-07-01T00:00:00Z
INM00042498,True,True,[],25,0.0,48.0,49.0,2024-07-01T00:00:00Z
INM00042499,True,True,[],5,0.0,32.0,37.0,2024-07-01T00:00:00Z
INM00042522,True,True,[],1,1.0,668.0,682.0,2024-07-01T00:00:00Z
INM00042523,True,True,[],0,,140.0,149.0,2024-07-01T00:00:00Z
INM00042527,False,False,"[""SRTM_CATALOGUE_HEIGHT_DISAGREEMENT_GT250M""]",965,0.0010362694300518134,1150.0,1406.0,2024-07-01T00:00:00Z
INM00042540,True,True,[],0,,1204.0,1195.0,2024-07-01T00:00:00Z
INM00042546,True,True,[],0,,398.0,404.0,2024-07-01T00:00:00Z
INM00042557,False,False,"[""MISSING_SRTM""]",0,,,382.0,2024-07-01T00:00:00Z
INM00042562,True,True,[],810,0.0,341.0,345.0,2024-07-01T00:00:00Z
INM00042567,True,True,[],0,,212.0,217.0,2024-07-01T00:00:00Z
INM00042577,True,True,[],0,,282.0,272.0,2024-07-01T00:00:00Z
INM00042588,True,True,[],0,,109.0,107.0,2024-07-01T00:00:00Z
INM00042603,True,True,[],1,0.0,16.0,19.0,2024-07-01T00:00:00Z
INM00042618,False,False,"[""MISSING_SRTM""]",0,,,30.0,2024-07-01T00:00:00Z
INM00042619,True,True,[],38,0.0,19.0,29.0,2024-07-01T00:00:00Z
INM00042631,True,True,[],0,,24.0,21.0,2024-07-01T00:00:00Z
INM00042638,True,True,[],0,,30.0,29.0,2024-07-01T00:00:00Z
INM00042639,False,False,"[""MISSING_SRTM""]",0,,,14.0,2024-07-01T00:00:00Z
INM00042654,True,True,[],0,,84.0,82.0,2024-07-01T00:00:00Z
INM00042661,True,True,[],1040,0.0009615384615384616,478.0,486.0,2024-07-01T00:00:00Z
INM00042662,True,True,[],3,0.0,493.0,489.0,2024-07-01T00:00:00Z
INM00042671,True,True,[],4281,0.0,522.0,551.0,2024-07-01T00:00:00Z
INM00042672,True,True,[],1,0.0,445.0,440.0,2024-07-01T00:00:00Z
INM00042674,True,True,[],2,0.0,375.0,371.0,2024-07-01T00:00:00Z
INM00042679,True,True,[],1,0.0,445.0,459.0,2024-07-01T00:00:00Z
INM00042693,True,True,[],4206,0.0,630.0,611.0,2024-07-01T00:00:00Z
INM00042705,True,True,[],0,,241.0,255.0,2024-07-01T00:00:00Z
INM00042706,True,True,[],19,0.0,108.0,100.0,2024-07-01T00:00:00Z
INM00042708,True,True,[],0,,47.0,59.0,2024-07-01T00:00:00Z
INM00042709,True,True,[],0,,34.0,30.0,2024-07-01T00:00:00Z
INM00042711,True,True,[],0,,18.0,15.0,2024-07-01T00:00:00Z
INM00042715,False,False,"[""MISSING_SRTM""]",0,,,581.0,2024-07-01T00:00:00Z
INM00042727,True,True,[],248,0.004032258064516129,1095.0,1097.0,2024-07-01T00:00:00Z
INM00042730,True,True,[],7,0.0,0.0,7.0,2024-07-01T00:00:00Z
INM00042731,True,True,[],0,,13.0,11.0,2024-07-01T00:00:00Z
INM00042740,True,True,[],0,,83.0,74.0,2024-07-01T00:00:00Z
INM00042744,True,True,[],0,,37.0,44.0,2024-07-01T00:00:00Z
INM00042751,True,True,[],0,,295.0,333.0,2024-07-01T00:00:00Z
INM00042763,True,True,[],2146,0.0,301.0,302.0,2024-07-01T00:00:00Z
INM00042767,True,True,[],1072,0.0,1064.0,1075.0,2024-07-01T00:00:00Z
INM00042768,False,False,"[""MISSING_SRTM""]",0,,,685.0,2024-07-01T00:00:00Z
INM00042771,True,True,[],0,,630.0,619.0,2024-07-01T00:00:00Z
INM00042776,True,True,[],0,,444.0,443.0,2024-07-01T00:00:00Z
INM00042790,True,True,[],0,,776.0,771.0,2024-07-01T00:00:00Z
INM00042792,True,True,[],0,,239.0,240.0,2024-07-01T00:00:00Z
INM00042793,True,True,[],0,,205.0,196.0,2024-07-01T00:00:00Z
INM00042795,True,True,[],0,,229.0,226.0,2024-07-01T00:00:00Z
INM00042799,True,True,[],0,,151.0,129.0,2024-07-01T00:00:00Z
INM00042803,True,True,[],0,,46.0,45.0,2024-07-01T00:00:00Z
INM00042805,True,True,[],0,,6.0,5.0,2024-07-01T00:00:00Z
INM00042811,True,True,[],0,,7.0,7.0,2024-07-01T00:00:00Z
INM00042812,True,True,[],0,,3.0,4.0,2024-07-01T00:00:00Z
INM00042830,True,True,[],1,0.0,5.0,5.0,2024-07-01T00:00:00Z
INM00042832,True,True,[],0,,58.0,50.0,2024-07-01T00:00:00Z
INM00042834,True,True,[],0,,121.0,115.0,2024-07-01T00:00:00Z
INM00042838,True,True,[],13,0.0,7.0,5.0,2024-07-01T00:00:00Z
INM00042841,False,False,"[""MISSING_SRTM""]",0,,,17.0,2024-07-01T00:00:00Z
INM00042849,True,True,[],0,,256.0,251.0,2024-07-01T00:00:00Z
INM00042851,True,True,[],2,0.5,199.0,201.0,2024-07-01T00:00:00Z
INM00042860,True,True,[],1078,0.0,660.0,653.0,2024-07-01T00:00:00Z
INM00042874,True,True,[],240,0.0,306.0,298.0,2024-07-01T00:00:00Z
INM00042876,True,True,[],0,,294.0,293.0,2024-07-01T00:00:00Z
INM00042883,True,True,[],1,0.0,151.0,148.0,2024-07-01T00:00:00Z
INM00042891,True,True,[],0,,655.0,463.0,2024-07-01T00:00:00Z
INM00042894,True,True,[],0,,58.0,54.0,2024-07-01T00:00:00Z
INM00042900,True,True,[],0,,5.0,11.0,2024-07-01T00:00:00Z
INM00042901,True,True,[],2,0.0,7.0,6.0,2024-07-01T00:00:00Z
INM00042903,True,True,[],0,,5.0,3.0,2024-07-01T00:00:00Z
INM00042915,True,True,[],0,,13.0,15.0,2024-07-01T00:00:00Z
INM00042916,True,True,[],0,,4.0,12.0,2024-07-01T00:00:00Z
INM00042921,True,True,[],2,0.5,590.0,598.0,2024-07-01T00:00:00Z
INM00042925,True,True,[],0,,431.0,437.0,2024-07-01T00:00:00Z
INM00042931,True,True,[],1,0.0,614.0,650.0,2024-07-01T00:00:00Z
INM00042933,True,True,[],0,,290.0,282.0,2024-07-01T00:00:00Z
INM00042937,True,True,[],0,,371.0,370.0,2024-07-01T00:00:00Z
INM00042939,True,True,[],0,,255.0,283.0,2024-07-01T00:00:00Z
INM00042943,True,True,[],0,,438.0,451.0,2024-07-01T00:00:00Z
INM00042946,True,True,[],0,,221.0,229.0,2024-07-01T00:00:00Z
INM00042948,True,True,[],0,,307.0,329.0,2024-07-01T00:00:00Z
INM00042961,True,True,[],0,,176.0,211.0,2024-07-01T00:00:00Z
INM00042969,True,True,[],0,,137.0,139.0,2024-07-01T00:00:00Z
INM00042970,True,True,[],0,,19.0,27.0,2024-07-01T00:00:00Z
INM00042973,True,True,[],0,,0.0,6.0,2024-07-01T00:00:00Z
INM00042976,True,True,[],0,,-1.0,8.0,2024-07-01T00:00:00Z
INM00043001,True,True,[],0,,4.0,5.0,2024-07-01T00:00:00Z
INM00043005,False,False,"[""MISSING_SRTM""]",0,,,12.0,2024-07-01T00:00:00Z
INM00043011,False,False,"[""MISSING_SRTM""]",0,,,519.0,2024-07-01T00:00:00Z
INM00043017,True,True,[],2,0.0,405.0,422.0,2024-07-01T00:00:00Z
INM00043021,True,True,[],10,0.0,384.0,358.0,2024-07-01T00:00:00Z
INM00043025,True,True,[],991,0.0,277.0,269.0,2024-07-01T00:00:00Z
INM00043029,True,True,[],0,,201.0,193.0,2024-07-01T00:00:00Z
INM00043042,True,True,[],1,0.0,264.0,261.0,2024-07-01T00:00:00Z
INM00043053,True,True,[],0,,20.0,6.0,2024-07-01T00:00:00Z
INM00043057,True,True,[],0,,3.0,11.0,2024-07-01T00:00:00Z
INM00043058,True,True,[],0,,0.0,7.0,2024-07-01T00:00:00Z
INM00043060,True,True,[],1,0.0,450.0,695.0,2024-07-01T00:00:00Z
INM00043067,True,True,[],99,0.0,555.0,560.0,2024-07-01T00:00:00Z
INM00043069,True,True,[],1,0.0,550.0,551.0,2024-07-01T00:00:00Z
INM00043071,True,True,[],1,0.0,511.0,521.0,2024-07-01T00:00:00Z
INM00043076,True,True,[],1,0.0,560.0,639.0,2024-07-01T00:00:00Z
INM00043081,True,True,[],4089,0.0,386.0,381.0,2024-07-01T00:00:00Z
INM00043083,True,True,[],989,0.0020222446916076846,472.0,472.0,2024-07-01T00:00:00Z
INM00043087,True,True,[],1044,0.0,261.0,269.0,2024-07-01T00:00:00Z
INM00043097,True,True,[],773,0.00129366106080207,895.0,913.0,2024-07-01T00:00:00Z
INM00043105,True,True,[],4093,0.0,0.0,6.0,2024-07-01T00:00:00Z
INM00043109,True,True,[],2,0.0,18.0,20.0,2024-07-01T00:00:00Z
INM00043111,True,True,[],2119,0.0,1288.0,1382.0,2024-07-01T00:00:00Z
INM00043113,True,True,[],1065,0.0,647.0,612.0,2024-07-01T00:00:00Z
INM00043121,True,True,[],2769,0.0,474.0,458.0,2024-07-01T00:00:00Z
INM00043125,True,True,[],632,0.0,676.0,663.0,2024-07-01T00:00:00Z
INM00043133,False,False,"[""MISSING_SRTM""]",0,,,227.0,2024-07-01T00:00:00Z
INM00043136,True,True,[],698,0.0,59.0,54.0,2024-07-01T00:00:00Z
INM00043137,True,True,[],1021,0.0,124.0,112.0,2024-07-01T00:00:00Z
INM00043147,True,True,[],1523,0.0,20.0,35.0,2024-07-01T00:00:00Z
INM00043150,True,True,[],4257,0.0,15.0,66.0,2024-07-01T00:00:00Z
INM00043161,True,True,[],619,0.0,609.0,594.0,2024-07-01T00:00:00Z
INM00043168,False,False,"[""MISSING_SRTM""]",0,,,505.0,2024-07-01T00:00:00Z
INM00043169,True,True,[],594,0.0,439.0,400.0,2024-07-01T00:00:00Z
INM00043177,True,True,[],1052,0.0,96.0,106.0,2024-07-01T00:00:00Z
INM00043182,True,True,[],1068,0.0,42.0,51.0,2024-07-01T00:00:00Z
INM00043185,True,True,[],4248,0.0,8.0,3.0,2024-07-01T00:00:00Z
INM00043187,True,True,[],4123,0.0,15.0,4.0,2024-07-01T00:00:00Z
INM00043193,True,True,[],0,,88.0,16.0,2024-07-01T00:00:00Z
INM00043196,True,True,[],0,,0.0,62.0,2024-07-01T00:00:00Z
INM00043200,True,True,[],624,0.0,694.0,678.0,2024-07-01T00:00:00Z
INM00043207,True,True,[],1015,0.0,2.0,3.0,2024-07-01T00:00:00Z
INM00043225,True,True,[],2056,0.0,34.0,4.0,2024-07-01T00:00:00Z
INM00043227,True,True,[],291,0.0,557.0,573.0,2024-07-01T00:00:00Z
INM00043229,True,True,[],506,0.0,92.0,45.0,2024-07-01T00:00:00Z
INM00043230,True,True,[],0,,565.0,620.0,2024-07-01T00:00:00Z
INM00043241,True,True,[],0,,129.0,130.0,2024-07-01T00:00:00Z
INM00043243,True,True,[],4232,0.0,21.0,17.0,2024-07-01T00:00:00Z
INM00043260,True,True,[],288,0.003472222222222222,1057.0,1057.0,2024-07-01T00:00:00Z
INM00043263,True,True,[],179,0.0111731843575419,885.0,955.0,2024-07-01T00:00:00Z
INM00043266,True,True,[],58,0.0,0.0,3.0,2024-07-01T00:00:00Z
INM00043271,True,True,[],1026,0.0009746588693957114,709.0,701.0,2024-07-01T00:00:00Z
INM00043272,True,True,[],320,0.0,841.0,857.0,2024-07-01T00:00:00Z
INM00043275,True,True,[],2609,0.0,91.0,105.0,2024-07-01T00:00:00Z
INM00043277,True,True,[],1013,0.0,108.0,87.0,2024-07-01T00:00:00Z
INM00043278,True,True,[],3115,0.0,10.0,7.0,2024-07-01T00:00:00Z
INM00043289,True,True,[],491,0.004073319755600814,712.0,695.0,2024-07-01T00:00:00Z
INM00043291,True,True,[],420,0.004761904761904762,776.0,767.0,2024-07-01T00:00:00Z
INM00043296,True,True,[],191,0.0,897.0,888.0,2024-07-01T00:00:00Z
INM00043301,True,True,[],1012,0.0,480.0,396.0,2024-07-01T00:00:00Z
INM00043302,True,True,[],1018,0.0,379.0,385.0,2024-07-01T00:00:00Z
INM00043309,True,True,[],1,0.0,0.0,28.0,2024-07-01T00:00:00Z
INM00043310,True,True,[],0,,24.0,25.0,2024-07-01T00:00:00Z
INM00043311,True,True,[],4,0.0,0.0,3.0,2024-07-01T00:00:00Z
INM00043314,True,True,[],319,0.0,14.0,5.0,2024-07-01T00:00:00Z
INM00043315,True,True,[],31,0.0,0.0,18.0,2024-07-01T00:00:00Z
INM00043316,False,False,"[""MISSING_SRTM""]",0,,,31.0,2024-07-01T00:00:00Z
INM00043317,False,False,"[""SRTM_CATALOGUE_HEIGHT_DISAGREEMENT_GT250M""]",933,0.003215434083601286,2526.0,2249.0,2024-07-01T00:00:00Z
INM00043318,True,True,[],952,0.0,1838.0,1747.0,2024-07-01T00:00:00Z
INM00043322,True,True,[],1,0.0,709.0,760.0,2024-07-01T00:00:00Z
INM00043324,False,False,"[""MISSING_SRTM""]",0,,,747.0,2024-07-01T00:00:00Z
INM00043325,True,True,[],2006,0.0,285.0,278.0,2024-07-01T00:00:00Z
INM00043326,True,True,[],0,,118.0,127.0,2024-07-01T00:00:00Z
INM00043330,True,True,[],942,0.0,64.0,68.0,2024-07-01T00:00:00Z
INM00043331,True,True,[],4145,0.0,32.0,38.0,2024-07-01T00:00:00Z
INM00043335,True,True,[],1,0.0,92.0,97.0,2024-07-01T00:00:00Z
INM00043338,True,True,[],995,0.0,258.0,172.0,2024-07-01T00:00:00Z
INM00043339,True,True,[],1046,0.0,2292.0,2343.0,2024-07-01T00:00:00Z
INM00043340,False,False,"[""SRTM_CATALOGUE_HEIGHT_DISAGREEMENT_GT250M""]",0,,378.0,1463.0,2024-07-01T00:00:00Z
INM00043341,False,False,"[""MISSING_SRTM""]",0,,,1041.0,2024-07-01T00:00:00Z
INM00043342,True,True,[],1041,0.0,121.0,181.0,2024-07-01T00:00:00Z
INM00043343,True,True,[],0,,83.0,88.0,2024-07-01T00:00:00Z
INM00043345,True,True,[],0,,119.0,123.0,2024-07-01T00:00:00Z
INM00043347,True,True,[],4135,0.0,7.0,9.0,2024-07-01T00:00:00Z
INM00043348,True,True,[],4134,0.0,4.0,6.0,2024-07-01T00:00:00Z
INM00043349,True,True,[],1,0.0,7.0,4.0,2024-07-01T00:00:00Z
INM00043352,True,True,[],78,0.0,0.0,4.0,2024-07-01T00:00:00Z
INM00043354,False,False,"[""MISSING_SRTM""]",0,,,34.0,2024-07-01T00:00:00Z
INM00043356,False,False,"[""MISSING_SRTM""]",0,,,300.0,2024-07-01T00:00:00Z
INM00043357,True,True,[],0,,6.0,39.0,2024-07-01T00:00:00Z
INM00043359,True,True,[],845,0.0,143.0,133.0,2024-07-01T00:00:00Z
INM00043361,True,True,[],4179,0.0,0.0,5.0,2024-07-01T00:00:00Z
INM00043363,True,True,[],3983,0.0,7.0,11.0,2024-07-01T00:00:00Z
INM00043364,True,True,[],0,,22.0,5.0,2024-07-01T00:00:00Z
INM00043367,True,True,[],0,,0.0,10.0,2024-07-01T00:00:00Z
INM00043376,True,True,[],929,0.001076426264800861,45.0,51.0,2024-07-01T00:00:00Z
INM00043377,True,True,[],4089,0.0,0.0,37.0,2024-07-01T00:00:00Z
INM00043379,True,True,[],684,0.0,3.0,2.0,2024-07-01T00:00:00Z
INM00043382,True,True,[],0,,134.0,26.0,2024-07-01T00:00:00Z
INMU0020359,True,True,[],4206,0.0,1594.0,1586.0,2024-07-01T00:00:00Z
INMU0020368,True,True,[],38,0.02631578947368421,276.0,272.0,2024-07-01T00:00:00Z
INMU0020408,True,True,[],24,0.0,84.0,77.0,2024-07-01T00:00:00Z
INMU0020412,True,True,[],2,0.0,318.0,317.0,2024-07-01T00:00:00Z
INMU0020414,True,True,[],10,0.0,478.0,479.0,2024-07-01T00:00:00Z
INMU0020429,True,True,[],4201,0.0,618.0,622.0,2024-07-01T00:00:00Z
INMU0020433,True,True,[],4273,0.0,556.0,553.0,2024-07-01T00:00:00Z
INMU0020436,True,True,[],6,0.0,32.0,17.0,2024-07-01T00:00:00Z
INMU0020438,True,True,[],0,,12.0,20.0,2024-07-01T00:00:00Z
INMU0020446,True,True,[],1,0.0,231.0,221.0,2024-07-01T00:00:00Z
INMU0020447,True,True,[],0,,151.0,149.0,2024-07-01T00:00:00Z
INMU0020448,True,True,[],53,0.0,113.0,111.0,2024-07-01T00:00:00Z
INMU0020452,False,False,"[""SRTM_CATALOGUE_HEIGHT_DISAGREEMENT_GT250M""]",3,0.0,2013.0,2265.0,2024-07-01T00:00:00Z
INMU0020467,True,True,[],1528,0.0,1217.0,1313.0,2024-07-01T00:00:00Z
INMU0020468,True,True,[],2917,0.0,1521.0,1500.0,2024-07-01T00:00:00Z
INMU0020498,True,True,[],5,0.0,17.0,80.0,2024-07-01T00:00:00Z
INMU0020504,True,True,[],0,,6.0,8.0,2024-07-01T00:00:00Z
INMU0020507,True,True,[],0,,53.0,50.0,2024-07-01T00:00:00Z
INMU0020514,True,True,[],6,0.0,477.0,479.0,2024-07-01T00:00:00Z
INMU0020515,True,True,[],1529,0.0,563.0,554.0,2024-07-01T00:00:00Z
INMU0020517,True,True,[],515,0.0,738.0,781.0,2024-07-01T00:00:00Z
INMU0020518,True,True,[],3435,0.0,659.0,650.0,2024-07-01T00:00:00Z
INMU0020523,True,True,[],2722,0.0,16.0,26.0,2024-07-01T00:00:00Z
INMU0020524,True,True,[],3321,0.0,718.0,733.0,2024-07-01T00:00:00Z
INMU0020525,True,True,[],4206,0.0,920.0,921.0,2024-07-01T00:00:00Z
INMU0020531,True,True,[],4266,0.0,13.0,61.0,2024-07-01T00:00:00Z
INMU0020536,True,True,[],4219,0.0,4.0,12.0,2024-07-01T00:00:00Z
INMU0020546,True,True,[],4258,0.0,290.0,281.0,2024-07-01T00:00:00Z
INMU0020548,True,True,[],4208,0.0,24.0,20.0,2024-07-01T00:00:00Z
INMU0020550,True,True,[],4262,0.0,4.0,8.0,2024-07-01T00:00:00Z
INMU0020560,True,True,[],4282,0.0,510.0,542.0,2024-07-01T00:00:00Z
INU042123-1,True,True,[],109,0.0,176.0,177.0,2024-07-01T00:00:00Z
INU042410-1,True,True,[],12,0.0,52.0,54.0,2024-07-01T00:00:00Z
INU042452-1,True,True,[],302,0.0,283.0,274.0,2024-07-01T00:00:00Z
INU042475-1,True,True,[],0,,98.0,98.0,2024-07-01T00:00:00Z
INU042542-1,True,True,[],3610,0.0,513.0,514.0,2024-07-01T00:00:00Z
INU042634-1,True,True,[],0,,100.0,80.0,2024-07-01T00:00:00Z
INU042754-1,True,True,[],4295,0.0,564.0,567.0,2024-07-01T00:00:00Z
INU042809-1,True,True,[],32,0.0,3.0,6.0,2024-07-01T00:00:00Z
INU042840-1,True,True,[],0,,16.0,12.0,2024-07-01T00:00:00Z
INU042886-1,True,True,[],0,,240.0,230.0,2024-07-01T00:00:00Z
INU043086-1,True,True,[],4248,0.0,206.0,156.0,2024-07-01T00:00:00Z
INU043237-1,True,True,[],4197,0.0,375.0,364.0,2024-07-01T00:00:00Z
INU043284-1,True,True,[],4200,0.0,38.0,102.0,2024-07-01T00:00:00Z
INU043346-1,True,True,[],4236,0.0,7.0,7.0,2024-07-01T00:00:00Z
